playlist_id,song_id
1132,spotify:track:7BKLCZ1jbUBVqRi2FVlTVw
1132,spotify:track:4pdPtRcBmOSQDlJ3Fk945m
1132,spotify:track:6DNtNfH8hXkqOX1sjqmI7p
1132,spotify:track:6i0V12jOa3mr6uu4WYhUBr
1132,spotify:track:1vvNmPOiUuyCbgWmtc6yfm
1132,spotify:track:4dASQiO1Eoo3RJvt74FtXB
1132,spotify:track:2Z8WuEywRWYTKe1NybPQEW
1132,spotify:track:2XMTqoHHSH0lvuXrvIEdco
1132,spotify:track:7yyRTcZmCiyzzJlNzGC9Ol
1132,spotify:track:4tCtwWceOPWzenK2HAIJSb
1132,spotify:track:7yCqehT9dKACTFy7YugP0J
1132,spotify:track:0tICYNayWWhH9GPeFrfjfD
1132,spotify:track:6fujklziTHa8uoM5OQSfIo
1132,spotify:track:6b8Be6ljOzmkOmFslEb23P
1132,spotify:track:5GXAXm5YOmYT0kL5jHvYBt
1132,spotify:track:1CnPYaKxTVb4LWOtiGOm0m
1132,spotify:track:7j56HrjR9cGzvekvZY3Faz
1132,spotify:track:0KKkJNfGyhkQ5aFogxQAPU
1132,spotify:track:2Fe6gDE0mCZz0g98i5QpVL
1132,spotify:track:0dPBlz8N0veeceejtuvpPz
1132,spotify:track:7675gjlUZzneYiMrQ9Inx8
1132,spotify:track:0B8B8cVRFIG1yznoQe7c9s
1186,spotify:track:3SktMqZmo3M9zbB7oKMIF7
1186,spotify:track:78DwRIo6Vj6wqteyerGetr
1186,spotify:track:6wZI4mdT8JwXgkGURnBQiq
1186,spotify:track:4gs07VlJST4bdxGbBsXVue
1186,spotify:track:7LVHVU3tWfcxj5aiPFEW4Q
1186,spotify:track:75JFxkI2RXiU7L9VXzMkle
1186,spotify:track:0ytw2owVvegkIS87txqV1O
1186,spotify:track:0Cvjlph1WGbwZY1PlMEtJY
1186,spotify:track:38YgZVHPWOWsKrsCXz6JyP
1186,spotify:track:5gBQ3x6u7DCvMW1QoP3CpG
1186,spotify:track:4L2K7JKseFCBoHMZEAszW0
1186,spotify:track:3kZC0ZmFWrEHdUCmUqlvgZ
1186,spotify:track:53Pgsvu3qSYO2aXt5J2vcL
1187,spotify:track:2aIB1CdRRG7YLBu9hNw9nR
1187,spotify:track:6i0V12jOa3mr6uu4WYhUBr
1187,spotify:track:2Z8WuEywRWYTKe1NybPQEW
1187,spotify:track:3CRDbSIZ4r5MsZ0YwxuEkn
1187,spotify:track:5cbpoIu3YjoOwbBDGUEp3P
1187,spotify:track:4dASQiO1Eoo3RJvt74FtXB
1187,spotify:track:4pLwZjInHj3SimIyN9SnOz
1187,spotify:track:1vvNmPOiUuyCbgWmtc6yfm
1187,spotify:track:4pdPtRcBmOSQDlJ3Fk945m
1187,spotify:track:6DNtNfH8hXkqOX1sjqmI7p
1187,spotify:track:1OAiWI2oPmglaOiv9fdioU
1187,spotify:track:6WhzFzROw3aq3rPWjgYlxr
1187,spotify:track:0azC730Exh71aQlOt9Zj3y
1187,spotify:track:0QsvXIfqM0zZoerQfsI9lm
1187,spotify:track:7xHWNBFm6ObGEQPaUxHuKO
1187,spotify:track:40YcuQysJ0KlGQTeGUosTC
1187,spotify:track:4OZEu0Vwq0RB2LAq14v99n
1187,spotify:track:2mqDi8BzmNw54qrVHduyiu
1187,spotify:track:6b2oQwSGFkzsMtQruIWm2p
1187,spotify:track:64GRDrL1efgXclrhVCeuA0
1187,spotify:track:4d75stQ2jRfq8lzaqhFFKs
1434,spotify:track:6PCUP3dWmTjcTtXY02oFdT
1434,spotify:track:58jx3tTuDuzHysC77c0AQd
1434,spotify:track:2DVUJ7LTIOEQqjfOZXs8iU
1434,spotify:track:7LVHVU3tWfcxj5aiPFEW4Q
1434,spotify:track:7L59vVTpoS94JU3KEeolqt
1434,spotify:track:4LloVtxNZpeh7q7xdi1DQc
1434,spotify:track:0d1ZmSlIf05gkCPuSPy0Yq
1434,spotify:track:53QF56cjZA9RTuuMZDrSA6
1434,spotify:track:7L605WhF5EGf34ggj87yK6
1846,spotify:track:1j8z4TTjJ1YOdoFEDwJTQa
1846,spotify:track:2hxV5yGCr1nIp5bQBxXL13
1846,spotify:track:5xdVqHtFS0eLuNp4Z8Wbpa
1846,spotify:track:1z6WtY7X4HQJvzxC4UgkSf
1846,spotify:track:2yNWwardt8VzlpNBWrGYD6
1846,spotify:track:2M9ro2krNb7nr7HSprkEgo
1846,spotify:track:75JFxkI2RXiU7L9VXzMkle
1846,spotify:track:6Ep6BzIOB9tz3P4sWqiiAB
1938,spotify:track:3KYiA4vq6RPO1dE2XROXd8
1938,spotify:track:2fY6tqgrlrg1ky9fgs0t5u
1938,spotify:track:7o2CTH4ctstm8TNelqjb51
1938,spotify:track:0bVtevEgtDIeRjCJbK3Lmv
1938,spotify:track:7gXdAqJLCa5aYUeLVxosOz
1938,spotify:track:3YBZIN3rekqsKxbJc9FZko
1938,spotify:track:0c1gHntWjKD7QShC8s99sq
1938,spotify:track:2SiXAy7TuUkycRVbbWDEpo
1938,spotify:track:2aibwv5hGXSgw7Yru8IYTO
1938,spotify:track:1f2V8U1BiWaC9aJWmpOARe
1938,spotify:track:60a0Rd6pjrkxjPbaKzXjfq
1938,spotify:track:4kfm1uI9QGaoN9qm6CkAMn
1938,spotify:track:4VqPOruhp5EdPBeR92t6lQ
1938,spotify:track:3skn2lauGk7Dx6bVIt5DVj
1938,spotify:track:0c4IEciLCDdXEhhKxj4ThA
1938,spotify:track:59WN2psjkt1tyaxjspN8fp
1938,spotify:track:24NwBd5vZ2CK8VOQVnqdxr
1938,spotify:track:0F0MA0ns8oXwGw66B2BSXm
1938,spotify:track:4oDZ5L8izBals6jKBJDBcX
1938,spotify:track:2R7858bg0GHuBBxjTyOL7N
1938,spotify:track:33VihH9UNQMxiQS4wcPIKL
2096,spotify:track:4osgfFTICMkcGbbigdsa53
2096,spotify:track:10VBBaul4zVD0reteuIHM2
2096,spotify:track:03CLsFk6JSz301bKuukPSD
2096,spotify:track:2udw7RDkldLFIPG9WYdVtT
2096,spotify:track:1mqlc0vEP9mU1kZgTi6LIQ
2096,spotify:track:1jyddn36UN4tVsJGtaJfem
2096,spotify:track:6gOirCUz62z0mFhCJ6P5KC
2096,spotify:track:4G2Hbfwvn3oH7LxxPXjjGn
2096,spotify:track:32OlwWuMpZ6b0aN2RZOeMS
2096,spotify:track:41on8RwRh22IHcChAN2gm8
2103,spotify:track:5tz69p7tJuGPeMGwNTxYuV
2103,spotify:track:0lwkTJnLBVWvEnxtku7Msy
2103,spotify:track:0v9Wz8o0BT8DU38R4ddjeH
2103,spotify:track:1Uq3IOIy1CUlHUgP6vWpum
2103,spotify:track:5mB1bWU8VueYVxuvcLPn2B
2103,spotify:track:0SGkqnVQo9KPytSri1H6cF
2103,spotify:track:1MksGqIztTT6M9R1ErKVs8
2103,spotify:track:1jQsKN68yE94tMYml0wHMd
2103,spotify:track:0Fv5N0cHBsl4bzCbollCAS
2103,spotify:track:1r0faljjM2b876iNoaDUh5
2103,spotify:track:7wwifjNAb172PtDpKK3CoR
2103,spotify:track:3a1lNhkSLSkpJE4MSHpDu9
2103,spotify:track:5yuShbu70mtHXY0yLzCQLQ
2103,spotify:track:6eT7xZZlB2mwyzJ2sUKG6w
2103,spotify:track:7KXjTSCq5nL1LoYtL7XAwS
2103,spotify:track:6SwRhMLwNqEi6alNPVG00n
2103,spotify:track:4w7yrP4RAeeyhfG9nJqQvS
2103,spotify:track:5mPSyjLatqB00IkPqRlbTE
2103,spotify:track:3nAq2hCr1oWsIU54tS98pL
2103,spotify:track:7L9g4cPfohScjJ8mGwLQWr
2103,spotify:track:55OdqrG8WLmsYyY1jijD9b
2103,spotify:track:6gBFPUFcJLzWGx4lenP6h2
2185,spotify:track:42et6fnHCw1HIPSrdPprMl
2185,spotify:track:0QTCTu0CXv4X1JEE4gNpGv
2185,spotify:track:2ouURa1AIXp3AvkS52Jry5
2185,spotify:track:5IMtdHjJ1OtkxbGe4zfUxQ
2185,spotify:track:5xoUgPXbMNUmoHU0Enwtwq
2185,spotify:track:2hKdd3qO7cWr2Jo0Bcs0MA
2232,spotify:track:2hxV5yGCr1nIp5bQBxXL13
2232,spotify:track:6ooluO7DiEhI1zmK94nRCM
2232,spotify:track:4YPhn26bIFm2KUkL1VLzQG
2232,spotify:track:7hVhRCDV100Jq26NGR7adw
2232,spotify:track:1gGY6qfslDtJ4OoWQGKtkE
2232,spotify:track:5VGlqQANWDKJFl0MBG3sg2
2232,spotify:track:2kWowW0k4oFymhkr7LmvzO
2232,spotify:track:7jTKLKs3NDmDnJHan5M2A0
2232,spotify:track:6nLvaCZFR1wEzW3sIKpsnr
2232,spotify:track:67awxiNHNyjMXhVgsHuIrs
2232,spotify:track:5nkYHBWXu7KCgcdwP6jcB1
2232,spotify:track:0d28khcov6AiegSCpG5TuT
2244,spotify:track:45yEy5WJywhJ3sDI28ajTm
2244,spotify:track:50xwQXPtfNZFKFeZ0XePWc
2244,spotify:track:7pKfPomDEeI4TPT6EOYjn9
2244,spotify:track:5ChkMS8OtdzJeqyybCc9R5
2244,spotify:track:39lSeqnyjZJejRuaREfyLL
2244,spotify:track:40dJCw4xU6Bd5ie9rfagNo
2244,spotify:track:6RrXd9Hph4hYR4bf3dbM6H
2244,spotify:track:5RsUlxLto4NZbhJpqJbHfN
2244,spotify:track:0ikz6tENMONtK6qGkOrU3c
2244,spotify:track:3xMSaDC9TU6AQJIsxQB7MK
2244,spotify:track:4Z92RMiyJpUrApZi3LtpJ6
2244,spotify:track:3yrSvpt2l1xhsV9Em88Pul
2244,spotify:track:5t9KYe0Fhd5cW6UYT4qP8f
2244,spotify:track:0MKqeOVdZcUFGJvWpGCKbG
2316,spotify:track:3grPZ1iQg2tEdh0ZCh3HTt
2316,spotify:track:33LSgUa20mKNgeut1XwP2E
2316,spotify:track:7nDoBWDvf02SyD8kEQuuPO
2316,spotify:track:1qxINnTuff87Pj1lvKbGxy
2316,spotify:track:77dcKrzRUI02XjHd2okARp
2435,spotify:track:5Ck3e6z1bcSCes5gdo0Ddt
2435,spotify:track:6Z01gUquJsjJC67uNWm6P0
2435,spotify:track:1RuyGO0kmkNkfixUFKkjuC
2435,spotify:track:1XQnZTR0ER8y5fGO17uX1R
2435,spotify:track:0QQIhT6PtJ5glyn4HKNKQ6
2435,spotify:track:41yIvlFgvGwxq8qTqAR7eG
2435,spotify:track:7H8fBamGUheu0DSpp3pj03
2435,spotify:track:6y6jbcPG4Yn3Du4moXaenr
2435,spotify:track:3UfCFlGruX0DRPCpD1V3pU
2435,spotify:track:2N3F1EQCpnIeDOA3rLSAfE
2435,spotify:track:5zT5cMnMKoyruPj13TQXGx
2435,spotify:track:4Z3qm2aWGTJuJKnv3EWwyD
2435,spotify:track:7vRriwrloYVaoAe3a9wJHe
2435,spotify:track:1ivHxaGL5ld9VS1zsYc4YN
2435,spotify:track:3hB5DgAiMAQ4DzYbsMq1IT
2435,spotify:track:0tjfognbowyFM3RHTdxjPK
2435,spotify:track:6LbN9JT2sAckykm78CA8Ol
2435,spotify:track:3cNjgVBKTJ1SvKhunrCdVy
2512,spotify:track:7MooGz4ZPE4bNxjFegR6Jx
2512,spotify:track:3YBZIN3rekqsKxbJc9FZko
2512,spotify:track:5ghIJDpPoe3CfHMGu71E6T
2512,spotify:track:6ToM0uwxtPKo9CMpbPGYvM
2512,spotify:track:72MoMtcC0fmMPbyOh8L5nZ
2512,spotify:track:3QZ7uX97s82HFYSmQUAN1D
2512,spotify:track:40riOy7x9W7GXjyGp4pjAv
2512,spotify:track:6rdEEYHsLavlklAypD5cre
2512,spotify:track:1gcESexgftSuLuML57Y69q
2512,spotify:track:00qOE7OjRl0BpYiCiweZB2
2512,spotify:track:43btz2xjMKpcmjkuRsvxyg
2512,spotify:track:2zYzyRzz6pRmhPzyfMEC8s
2538,spotify:track:69DR48pXzSabFUfQfDDJDb
2538,spotify:track:7vWGeYZJUzBXKGPro05UXS
2538,spotify:track:1UZ25gykR30Oewh3dBRtVZ
2538,spotify:track:4kbj5MwxO1bq9wjT5g9HaA
2538,spotify:track:2d8JP84HNLKhmd6IYOoupQ
2538,spotify:track:66hayvUbTotekKU3H4ta1f
2538,spotify:track:2M9ro2krNb7nr7HSprkEgo
2538,spotify:track:7vFv0yFGMJW3qVXbAd9BK9
2538,spotify:track:0Qw7qGuXlVBZLcfoQ17yZn
2538,spotify:track:0Dc7J9VPV4eOInoxUiZrsL
2538,spotify:track:7jDOx9VTvxq0S9z8RjQ7lv
2538,spotify:track:3MdYFBIzPf7lSJnI8wi3Ka
2538,spotify:track:43KOxR9m0vrfE1rI1EPw1z
2538,spotify:track:2mjX9JRvEBmaav0Pn3xSCV
2538,spotify:track:1jNOi6m3Hn8nLEeHCp5Msr
2538,spotify:track:2Bs4jQEGMycglOfWPBqrVG
2538,spotify:track:6Sm2YzLtL8FcyTMONOkiFw
2538,spotify:track:34ceTg8ChN5HjrqiIYCn9Q
2538,spotify:track:2toY6JyyfKy9TwNk3Ou2XG
2538,spotify:track:7wwifjNAb172PtDpKK3CoR
2538,spotify:track:2FviG1Ma0M0BSZbqaDvw0x
2538,spotify:track:5InOp6q2vvx0fShv3bzFLZ
2538,spotify:track:494OU6M7NOf4ICYb4zWCf5
2538,spotify:track:5xoUgPXbMNUmoHU0Enwtwq
2538,spotify:track:5vCgOg9VqRaAUbnflCO6P3
2538,spotify:track:7JXZq0JgG2zTrSOAgY8VMC
2538,spotify:track:3vOmmLuvEUgGaVuRsCs2QF
2538,spotify:track:7J41dYQolQJEtj3UmKLu5r
2538,spotify:track:7kqcudBGM74MXVoYMaoWkC
2538,spotify:track:5Ck3e6z1bcSCes5gdo0Ddt
2538,spotify:track:7DFnq8FYhHMCylykf6ZCxA
2538,spotify:track:5HuqzFfq2ulY1iBAW5CxLe
2538,spotify:track:4llK75pXNWZz6KAho2Gp16
2538,spotify:track:3SktMqZmo3M9zbB7oKMIF7
2598,spotify:track:7ySUcLPVX7KudhnmNcgY2D
2598,spotify:track:1QV6tiMFM6fSOKOGLMHYYg
2598,spotify:track:6I9VzXrHxO9rA9A5euc8Ak
2598,spotify:track:6jG2YzhxptolDzLHTGLt7S
2598,spotify:track:0O45fw2L5vsWpdsOdXwNAR
2598,spotify:track:0ntQJM78wzOLVeCUAW7Y45
2598,spotify:track:5VGlqQANWDKJFl0MBG3sg2
2598,spotify:track:5IFCyWplye09HytIP80RCF
2598,spotify:track:3B7i9OKRRmIsSBHEbJz58Y
2598,spotify:track:5l3CML2OnzfNs5RfVgbcLt
2598,spotify:track:3pfXxHoydFRfD7IBGJTQAN
2598,spotify:track:4NYwy0R3NdvORX2B6OZXBT
2598,spotify:track:0srwKuJPH8yBzzFUJMBQM2
2711,spotify:track:16qYlQ6koFxYVbiJbGHblz
2711,spotify:track:62vpWI1CHwFy7tMIcSStl8
2711,spotify:track:439TlnnznSiBbQbgXiBqAd
2711,spotify:track:7yyRTcZmCiyzzJlNzGC9Ol
2711,spotify:track:6fujklziTHa8uoM5OQSfIo
2711,spotify:track:4w7yrP4RAeeyhfG9nJqQvS
2711,spotify:track:6I6NX6tjGsxFAsIfGzY9lJ
2711,spotify:track:0zO8ctW0UiuOefR87OeJOZ
2742,spotify:track:015IsLQFXbEm0f541N2qoX
2742,spotify:track:4J7CKHCF3mdL4diUsmW8lq
2742,spotify:track:7L59vVTpoS94JU3KEeolqt
2742,spotify:track:2bNrvWD9d5Zn9tS8XvcaMk
2742,spotify:track:1I8tHoNBFTuoJAlh4hfVVE
2742,spotify:track:5masKPHeAOVNgxdLebIcK7
2742,spotify:track:6nsLzJfvp5OLd4mgqUJkpq
2742,spotify:track:7FJP35tUJ2121EJsFpU1Gh
2742,spotify:track:7MmG8p0F9N3C4AXdK6o6Eb
2742,spotify:track:0z8yrlXSjnI29Rv30RssNI
2872,spotify:track:0GO8y8jQk1PkHzS31d699N
2872,spotify:track:2GiJYvgVaD2HtM8GqD9EgQ
2872,spotify:track:3bnVBN67NBEzedqQuWrpP4
2872,spotify:track:2MLHyLy5z5l5YRp7momlgw
2872,spotify:track:0EMmVUYs9ZZRHtlADB88uz
2872,spotify:track:3e0yTP5trHBBVvV32jwXqF
2872,spotify:track:2H6dHxAxGq5oQ9EiinNpXT
2872,spotify:track:316r1KLN0bcmpr7TZcMCXT
2872,spotify:track:2AYEOC02WLhUiOoaig2SEH
2872,spotify:track:22OqansuvEMQu9W0EfiGTI
2872,spotify:track:1snNAXmmPXCn0dkF9DaPWw
2872,spotify:track:4AewKenHXKBt643p473xCk
2952,spotify:track:3xqF04FdMK7gpIPG3SPFpY
2952,spotify:track:64y85LeHY8Z6OlTOM9cpKD
2952,spotify:track:0lsqtZVyovtBSQtWdD44LH
2952,spotify:track:4VqPOruhp5EdPBeR92t6lQ
2952,spotify:track:7C7yqFTM0ncyJ04GIKrxdV
2952,spotify:track:4esOae7i4rqTbAu9o5Pxco
2952,spotify:track:7pYPpFhFyOwCjf4y7vdJqM
2952,spotify:track:3asFGFY3uLjMDmML1p0tYm
2952,spotify:track:3AYcyxEACnmE6d96RPubID
2952,spotify:track:6Ep6BzIOB9tz3P4sWqiiAB
2952,spotify:track:0d1ZmSlIf05gkCPuSPy0Yq
2952,spotify:track:4k80K0b6KZ2QjAYkXON7q6
2952,spotify:track:0vFMQi8ZnOM2y8cuReZTZ2
2952,spotify:track:1NNAI51EuoRWw1ydX1zV7S
2952,spotify:track:5G1sTBGbZT5o4PNRc75RKI
3147,spotify:track:1bECKhfBNzods0soMPXwdQ
3147,spotify:track:1yJZwBqTyGTB7mz8nZyiel
3147,spotify:track:7jOXGeS0v0rdFssNy7Mxkn
3147,spotify:track:5OFcjrC1OiRSBylQgF5HDD
3147,spotify:track:5zT5cMnMKoyruPj13TQXGx
3147,spotify:track:6yIHGmQLJxWAUZ1ZkENemN
3147,spotify:track:2YlZnw2ikdb837oKMKjBkW
3147,spotify:track:6eT7xZZlB2mwyzJ2sUKG6w
3147,spotify:track:4gFxywaJejXWxo0NjlWzgg
3147,spotify:track:0QQIhT6PtJ5glyn4HKNKQ6
3147,spotify:track:4eSGSqP2TZvvX0kadZZttM
3147,spotify:track:1ivHxaGL5ld9VS1zsYc4YN
3147,spotify:track:4kqxy0SvQ2N34nOJ9ggfMu
3147,spotify:track:2k9N4caeCIJLOWwWwssrEM
3197,spotify:track:2d48mamATjby7wgPjdrSOQ
3197,spotify:track:0WyFpxYlBCgH1gMXd26OOr
3197,spotify:track:7mldq42yDuxiUNn08nvzHO
3197,spotify:track:7EAFj7eJcMF5koWSRJVZcL
3197,spotify:track:09iyGiljLWRYXdRazFkdtJ
3197,spotify:track:7vWGeYZJUzBXKGPro05UXS
3197,spotify:track:2N3F1EQCpnIeDOA3rLSAfE
3197,spotify:track:0M1Roj6uW2xZ08I91Dd0gP
3197,spotify:track:43KOxR9m0vrfE1rI1EPw1z
3210,spotify:track:2H8LPaY3NSjmOFMH2Rygnz
3210,spotify:track:3MOECVkNshqHYTPt5DZcdN
3210,spotify:track:5bcfWAHLoMfGBdbeyoMaH3
3210,spotify:track:4OZEu0Vwq0RB2LAq14v99n
3210,spotify:track:2FiSTH0GYpIioUgjfzMIja
3210,spotify:track:5LnslfFSyDEkBDIfK2s4m5
3210,spotify:track:0L7loeTIg6akW84aEQZpCT
3210,spotify:track:6nsLzJfvp5OLd4mgqUJkpq
3210,spotify:track:0azC730Exh71aQlOt9Zj3y
3210,spotify:track:2Vhd5uZB4brKHmM0MNxkZo
3210,spotify:track:6cREm4bV7V79Yxdilx9HDo
3210,spotify:track:6WhzFzROw3aq3rPWjgYlxr
3210,spotify:track:2HJQcyUpmUuvzS5vBAICIc
3210,spotify:track:0CNjoQozZP0mB9rKVdrKGx
3210,spotify:track:1rIKgCH4H52lrvDcz50hS8
3210,spotify:track:1iUoWD9qE93GyoT80O5IKt
3210,spotify:track:46jLy47W8rkf8rEX04gMKB
3210,spotify:track:43Ei9NSyEjgFYXoKLISyz4
3210,spotify:track:0OwX5aROoW1Iip8FV51Efg
3210,spotify:track:46lFttIf5hnUZMGvjK0Wxo
3210,spotify:track:0lmdsH1MIoLsMymnNpd6HU
3210,spotify:track:4dASQiO1Eoo3RJvt74FtXB
3210,spotify:track:6DNtNfH8hXkqOX1sjqmI7p
3210,spotify:track:7BKLCZ1jbUBVqRi2FVlTVw
3210,spotify:track:6875MeXyCW0wLyT72Eetmo
3210,spotify:track:2lFRw6rPXivo6kNmghePcK
3210,spotify:track:6HUnnBwYZqcED1eQztxMBN
3220,spotify:track:1dv3ePjze9tPq2pk8eWJdR
3220,spotify:track:2BcvvHttiZRvguFM4hR398
3220,spotify:track:6ToM0uwxtPKo9CMpbPGYvM
3220,spotify:track:7fSGbZLhWlAiCC3HDPAULu
3220,spotify:track:7BY005dacJkbO6EPiOh2wb
3220,spotify:track:77oU2rjC5XbjQfNe3bD6so
3220,spotify:track:0vFOzaXqZHahrZp6enQwQb
3220,spotify:track:7fqhrLJzKHJ0RW32N0y2Gp
3241,spotify:track:2Z8WuEywRWYTKe1NybPQEW
3241,spotify:track:3bnVBN67NBEzedqQuWrpP4
3241,spotify:track:4bPQs0PHn4xbipzdPfn6du
3241,spotify:track:5cbpoIu3YjoOwbBDGUEp3P
3241,spotify:track:3C3cr2JQwXIhqAHqOardVO
3241,spotify:track:34Jeq8ktRzyOW1uw40InVy
3241,spotify:track:1s9xuJxhYM0LdVqksjegcg
3241,spotify:track:5P3yUXUC9rZPJPNmYGKEAz
3241,spotify:track:1lguQJjlNrIOoOylYVZN3M
3241,spotify:track:57yL3161hUMuw06zzzUCHi
3377,spotify:track:6zpCJDhdpHPZCcFCJZDqX5
3377,spotify:track:62N2JSA0jHmSH7Va9t7hIf
3377,spotify:track:2mk87j3RWPdzy0rWIoUP1o
3377,spotify:track:6cREm4bV7V79Yxdilx9HDo
3377,spotify:track:3Bjr9MzHM7KHk6zq7KvJRN
3377,spotify:track:0MGlHpo9P4HN4AsgG44GG7
3377,spotify:track:5LZQ5s0kRZS9nBSd1xLK7U
3377,spotify:track:7tr2za8SQg2CI8EDgrdtNl
3377,spotify:track:2CwpR24w47Gusfmv42SKdF
3377,spotify:track:4d0JSX5Niid4wPVXk3EVrt
3377,spotify:track:3Q3myFA7q4Op95DOpHplaY
3377,spotify:track:6olUplztLFFfU7fMYmFXOP
3377,spotify:track:3lwrebzX6n6v4zP5DOqBKc
3377,spotify:track:0uVyZywUNOp6S0dU5r8TS8
3377,spotify:track:5afHIkEcVhCF1Z1CTqMUXB
3522,spotify:track:2N3F1EQCpnIeDOA3rLSAfE
3522,spotify:track:7vWGeYZJUzBXKGPro05UXS
3522,spotify:track:5LPkLveErawyu1XDAGXHOj
3522,spotify:track:3Z3D2hnbZnveVhTuOifJyt
3522,spotify:track:69DR48pXzSabFUfQfDDJDb
3522,spotify:track:4dGJf1SER1T6ooX46vwzRB
3522,spotify:track:03fT3OHB9KyMtGMt2zwqCT
3522,spotify:track:3b7CDTKB0SRTmQ6ytYi5vZ
3522,spotify:track:7A5CReD6yWe0rrkJym34QI
3522,spotify:track:3YimpODfNhxj3rN81v4WvE
3522,spotify:track:5vCgOg9VqRaAUbnflCO6P3
3522,spotify:track:3MFV4DgrAOXz6KURPQxRj9
3522,spotify:track:2Fk0WwAqTBesLtKg97nojy
3522,spotify:track:1JqVM7aB2AwafhGHRABPAA
3522,spotify:track:0H9Q7Vzu8nYRDBZYKbtU8d
3522,spotify:track:2sE61ZmvYH8wiOx5jygkHH
3522,spotify:track:6Ymvlzom4TQeoKqAWsZRD8
3522,spotify:track:2FviG1Ma0M0BSZbqaDvw0x
3522,spotify:track:5NUvj4WX2tAQGxOF4CWJ7I
3522,spotify:track:6aUhfNWYnMThF3TGtuYUUu
3522,spotify:track:6ZijsJ9Oh0xgOdY0O1xCWN
3663,spotify:track:3G7XYAwtxtoGK7fAm4IlD9
3663,spotify:track:0IqKeD8ZSP72KbGYyzEcAs
3663,spotify:track:6pyzBTIjcO2AMkKE6x2Otb
3663,spotify:track:67iAlVNDDdddxqSD2EZhFs
3663,spotify:track:7fqhrLJzKHJ0RW32N0y2Gp
3663,spotify:track:2HHtWyy5CgaQbC7XSoOb0e
3663,spotify:track:2zvot9pY2FNl1E94kc4K8M
3663,spotify:track:2KmEgiY8fQs0G6WNxtzQKr
3663,spotify:track:0ntQJM78wzOLVeCUAW7Y45
3663,spotify:track:3xqF04FdMK7gpIPG3SPFpY
3663,spotify:track:4hEl2wrneFEJbJ6SDYWd2f
3663,spotify:track:6Z8R6UsFuGXGtiIxiD8ISb
3663,spotify:track:1OAiWI2oPmglaOiv9fdioU
3663,spotify:track:0CokSRCu5hZgPxcZBaEzVE
3663,spotify:track:7jOXGeS0v0rdFssNy7Mxkn
3883,spotify:track:1mXVgsBdtIVeCLJnSnmtdV
3883,spotify:track:67EY6aDoIx8czEPS6a2AaI
3883,spotify:track:1Ob94QesoxHSBrypyBbdfd
3883,spotify:track:4Q5yMlwAfAoitqg4r9oZHN
3883,spotify:track:3cjF2OFRmip8spwZYQRKxP
3883,spotify:track:3ZMv9EzGoteNi5Qnx0KpEO
3883,spotify:track:2hKdd3qO7cWr2Jo0Bcs0MA
3883,spotify:track:4U45aEWtQhrm8A5mxPaFZ7
3883,spotify:track:7hhAwcMTdCHxuYkCHCfzw7
3883,spotify:track:54KFQB6N4pn926IUUYZGzK
3883,spotify:track:2RttW7RAu5nOAfq6YFvApB
3883,spotify:track:64GRDrL1efgXclrhVCeuA0
3883,spotify:track:4VuS959DSpr82t3qBqCrWG
3883,spotify:track:6dSMuejN1LbxkXDLC6T1Oi
3883,spotify:track:4gFxywaJejXWxo0NjlWzgg
3883,spotify:track:3vOmmLuvEUgGaVuRsCs2QF
3883,spotify:track:7LVHVU3tWfcxj5aiPFEW4Q
3883,spotify:track:4llK75pXNWZz6KAho2Gp16
3883,spotify:track:5fX2oPyLCe5mBKqGDbOWqC
3883,spotify:track:5tz69p7tJuGPeMGwNTxYuV
3883,spotify:track:0or0gNaKAXYYCsOrpvRzAu
3883,spotify:track:6LbN9JT2sAckykm78CA8Ol
3976,spotify:track:6yr8GiTHWvFfi4o6Q5ebdT
3976,spotify:track:4hEl2wrneFEJbJ6SDYWd2f
3976,spotify:track:6UaRii9AH6Zss9xNMEQ2M9
3976,spotify:track:561jH07mF1jHuk7KlaeF0s
3976,spotify:track:2S9Hmv3pv86ScVA8XnFmOW
3976,spotify:track:4SE4yewyGpOYfxfx59Yjc5
3976,spotify:track:31Q9ZTF9x81BDonlObCbvP
3976,spotify:track:3CpoeW0cZSDzIRv5z34F87
3976,spotify:track:06aw4JI5nYa8XBeBKVrltZ
3976,spotify:track:6sDQ4uiWw9OdVrCXFLSlZt
3976,spotify:track:5U8hKxSaDXB8cVeLFQjvwx
2435,spotify:track:2nRvKHh2mtOfIQ4jcAkP9q
3663,spotify:track:1C0pmryC2MdXfa7MZ9uIrU
1434,spotify:track:1Slwb6dOYkBlWal1PGtnNg
2538,spotify:track:1Slwb6dOYkBlWal1PGtnNg
2512,spotify:track:5xS9hkTGfxqXyxX6wWWTt4
3210,spotify:track:1lWoanAmIk1PZisbP5LmwT
3147,spotify:track:6BEKt5axiNeWCr9huv0k7I
2711,spotify:track:7EiZI6JVHllARrX9PUvAdX
2103,spotify:track:1Tt4sE4pXi57mTD1GCzsqm
3210,spotify:track:1Tt4sE4pXi57mTD1GCzsqm
3976,spotify:track:7lQ8MOhq6IN2w8EYcFNSUk
3663,spotify:track:6JV2JOEocMgcZxYSZelKcc
2538,spotify:track:3jVtllWS5CFFWLQng8sKsr
3210,spotify:track:4auZhbHhgbiSMeh0kiHCRk
3147,spotify:track:7GPstnufSTScEaw9dMxO9H
3377,spotify:track:4Wxoq8aU3AWcXnuNn3FzOQ
2185,spotify:track:0EQknhinIfbJ12hwMGjOY5
3210,spotify:track:4fykY5EpYRavu87absOh1f
2096,spotify:track:5lXcSvHRVjQJ3LB2rLKQog
3663,spotify:track:5lXcSvHRVjQJ3LB2rLKQog
3522,spotify:track:03LpkqucyYKcYclDs8HuxO
2952,spotify:track:2Oehrcv4Kov0SuIgWyQY9e
1938,spotify:track:4bHsxqR3GMrXTxEPLuK5ue
3663,spotify:track:4bHsxqR3GMrXTxEPLuK5ue
3883,spotify:track:6mORGLOz79w6VsCRLWYYuK
2538,spotify:track:5XJJdNPkwmbUwE79gv0NxK
1132,spotify:track:6MDijuuArPJv1vbp7K1x3f
1846,spotify:track:3RiPr603aXAoi4GHyXx0uy
2232,spotify:track:027h5P3kCyktHv9dpHUBBS
2435,spotify:track:4ZIb6YivyYtpOD0Ur7kDEP
3147,spotify:track:4ZIb6YivyYtpOD0Ur7kDEP
2232,spotify:track:4ya82vEkIk1HJpuPDhESOC
3883,spotify:track:0nRuVPZx2iA3KWR4xSzryl
2872,spotify:track:4WiiRw2PHMNQE0ad6y6GdD
2742,spotify:track:4WjH9Bzt3kx7z8kl0awxh4
2103,spotify:track:2c8sgbZoEanC3QyFNZxUcA
3663,spotify:track:27K3ZDS5B4fwjhwyihrdzC
2598,spotify:track:2gam98EZKrF9XuOkU13ApN
1132,spotify:track:55GxhCTq6SY3tFTVh7z1nR
1132,spotify:track:1xznGGDReH1oQq0xzbwXa3
2185,spotify:track:5DiXcVovI0FcY2s0icWWUu
1938,spotify:track:4gvea7UlDkAvsJBPZAd4oB
3210,spotify:track:4qqArAiTPueDxIp7cf87h7
2952,spotify:track:2U8NXPTXZWG2O0ye2sYRiH
2185,spotify:track:1Cwsd5xI8CajJz795oy4XF
1846,spotify:track:7fPHfBCyKE3aVCBjE4DAvl
1434,spotify:track:3zByVQLvdXUaDTubfWkpCk
1938,spotify:track:0J6mQxEZnlRt9ymzFntA6z
2512,spotify:track:0J6mQxEZnlRt9ymzFntA6z
3883,spotify:track:3NLrRZoMF0Lx6zTlYqeIo4
2512,spotify:track:7fURZRPkB2S70sYR1naKTK
2512,spotify:track:3MODES4TNtygekLl146Dxd
2316,spotify:track:4CcrLWFQY4dRGMbUR59cSp
3522,spotify:track:5g15o2Sm55Hn9ShK5yEXgp
2598,spotify:track:6jvvpPJQJy5rMOEkLlADl6
1132,spotify:track:5TqBAOIBe0bQA0spNdcG3k
2435,spotify:track:5uLb01OcHVl8ayyWotfx31
2244,spotify:track:1OOtq8tRnDM8kG2gqUPjAj
3883,spotify:track:3d9DChrdc6BOeFsbrZ3Is0
1187,spotify:track:5aAx2yezTd8zXrkmtKl66Z
2103,spotify:track:5aAx2yezTd8zXrkmtKl66Z
2711,spotify:track:5aAx2yezTd8zXrkmtKl66Z
2872,spotify:track:1aGvLFHJ2shKqO9uycaUcW
2103,spotify:track:7BKUWh5sdtdS17crohRe4L
1132,spotify:track:7aV2mflaASUmGhCErm7kBO
3210,spotify:track:7aV2mflaASUmGhCErm7kBO
2538,spotify:track:1wYZZtamWTQAoj8B812uKQ
3883,spotify:track:2LBqCSwhJGcFQeTHMVGwy3
3522,spotify:track:4whYDpJ5XVQpmvecbEHP5Q
3663,spotify:track:2H3ZUSE54pST4ubRd5FzFR
2232,spotify:track:0Puj4YlTm6xNzDDADXHMI9
2538,spotify:track:0JXXNGljqupsJaZsgSbMZV
3883,spotify:track:5GUYJTQap5F3RDQiCOJhrS
2538,spotify:track:3WKg25vrbjJlkhsgl2W4p3
1938,spotify:track:0v1XpBHnsbkCn7iJ9Ucr1l
2952,spotify:track:4JQSMg83F8qYwSBt5xOXsQ
2103,spotify:track:07pJdL0L9XDGW0HBj0rIS2
3210,spotify:track:5DA77EqppDmCTWGovd4oTP
3976,spotify:track:7BMO7O7ImjV8HNTH74Tshv
2711,spotify:track:2BqQQXuBOuhaWeUP7okEx0
1846,spotify:track:4gbVRS8gloEluzf0GzDOFc
3147,spotify:track:1eQBEelI2NCy7AUTerX0KS
2316,spotify:track:4PJXT82AZtlDW4Q71b43oz
3522,spotify:track:4PJXT82AZtlDW4Q71b43oz
2232,spotify:track:37BTh5g05cxBIRYMbw8g2T
3220,spotify:track:4sFbojhVXQv7dBC9PVCcRn
3522,spotify:track:3M31S6f0z8S3nkFh3eS06W
2103,spotify:track:05nbZ1xxVNwUTcGwLbp7CN
2512,spotify:track:3bN4tg6rnNPy9GCkGhym4T
2244,spotify:track:25yQPHgC35WNnnOUqFhgVR
2538,spotify:track:13HVjjWUZFaWilh2QUJKsP
2103,spotify:track:7hDc8b7IXETo14hHIHdnhd
3210,spotify:track:4iEOVEULZRvmzYSZY2ViKN
3663,spotify:track:4iEOVEULZRvmzYSZY2ViKN
2103,spotify:track:0jx8zY5JQsS4YEQcfkoc5C
3241,spotify:track:0yhPEz5KxlDwckGJaMlZqM
2538,spotify:track:4rkBAkvRa0hBfqu9pOEtZf
2598,spotify:track:0DBIL8arX0Zo6eAuxNIpik
3210,spotify:track:6M6Tk58pQvABy6ru66dY3d
2103,spotify:track:4cxMGhkinTocPSVVKWIw0d
2435,spotify:track:4cxMGhkinTocPSVVKWIw0d
3210,spotify:track:6TjP1C3sGQH1jBfzUXfcMg
3210,spotify:track:4iCKHGl4ij4YMwFrUZLGEQ
3522,spotify:track:3OZVqx1YsqDDkxQ6TnmHtn
2952,spotify:track:2V65y3PX4DkRhy1djlxd9p
3522,spotify:track:4iLPK8QnOvqm0Azbsk2GDn
1938,spotify:track:62LJFaYihsdVrrkgUOJC05
3663,spotify:track:62LJFaYihsdVrrkgUOJC05
3241,spotify:track:6OZPl7bOm8EOshsVmWH5W8
2185,spotify:track:7KdF7Zac5eC9jutk9Qret4
2103,spotify:track:7cGFbx7MP0H23iHZTZpqMM
2316,spotify:track:2qYsSHsYkihWx043HVJQRV
2103,spotify:track:4f1QbCjIAgQwnf7ms9NXWx
3241,spotify:track:6i0V12jOa3mr6uu4WYhUBr
2435,spotify:track:0zMzyHAeMvwq5CRstru1Fp
2512,spotify:track:2b9lp5A6CqSzwOrBfAFhof
2244,spotify:track:5zA8vzDGqPl2AzZkEYQGKh
2316,spotify:track:0i5el041vd6nxrGEU8QRxy
3197,spotify:track:6eYYm2xwrvdav2yakF3cqg
3522,spotify:track:6eYYm2xwrvdav2yakF3cqg
3377,spotify:track:79cuOz3SPQTuFrp8WgftAu
2435,spotify:track:4W38RXuQNuoTSwVsQA1OGC
2538,spotify:track:1A2UmLDZzDmpdzUjEkCc3z
2512,spotify:track:5MxNLUsfh7uzROypsoO5qe
3210,spotify:track:6HViP4DVYa8gQtxLndmhwu
3241,spotify:track:3CRDbSIZ4r5MsZ0YwxuEkn
1846,spotify:track:2tUBqZG2AbRi7Q0BIrVrEj
2244,spotify:track:2tUBqZG2AbRi7Q0BIrVrEj
2538,spotify:track:1qoHlIpgGxtmYsYdyiySiL
2872,spotify:track:3iVAyrTlbWGBq0laeQ18z2
2538,spotify:track:7cpCU3Denug5NGZsSpQl8v
3197,spotify:track:0R67ZmPPWTEX5jgM8dvia7
3522,spotify:track:0R67ZmPPWTEX5jgM8dvia7
3883,spotify:track:7m9OqQk4RVRkw9JJdeAw96
3220,spotify:track:4lJ6YVXQ0jUk5ILu0PSrA4
2598,spotify:track:4MJlgdrGLaayCTPtdn0kII
2103,spotify:track:6mapJIPnQ23RTAevUoE0DL
3210,spotify:track:4pdPtRcBmOSQDlJ3Fk945m
3220,spotify:track:5X76oXHcR5uCXali0gOyX5
2316,spotify:track:28cnXtME493VX9NOw9cIUh
2538,spotify:track:2j79NtwxoWDmkiH4MGwdLq
2872,spotify:track:7wBrglFVTNCcW6IhdgBkm1
3883,spotify:track:05CrK6Q5VGtfPDtyQFJ4Kf
2952,spotify:track:1jdNcAD8Ir58RlsdGjJJdx
2103,spotify:track:6F609ICg9Spjrw1epsAnpa
2952,spotify:track:4Sfa7hdVkqlM8UW5LsSY3F
2711,spotify:track:2ANLarE8yHVsLWW21nj79M
3210,spotify:track:0QsvXIfqM0zZoerQfsI9lm
3241,spotify:track:0QsvXIfqM0zZoerQfsI9lm
2435,spotify:track:0Zge2Kfo3Yd9JOGnAmVPbb
3522,spotify:track:0Utg7sirTPqrs6Cx0FbriQ
3220,spotify:track:1qRA5BS78u3gME0loMl9AA
2435,spotify:track:17YuXw2ScwLLL1sUrRKhoW
3210,spotify:track:4Jk6fZmX3gGYYbHnjq5uyN
3883,spotify:track:0tV8pOpiNsKqUys0ilUcXz
2952,spotify:track:4prEPl61C8qZpeo3IkYSMl
3197,spotify:track:1ncZDJd94BSPn2WnbDh3HS
3522,spotify:track:1ncZDJd94BSPn2WnbDh3HS
3522,spotify:track:0cV4xwUA4ue2deqq4CZFko
3147,spotify:track:6g8ZfJzKxyd19OLAqQ8MuO
2952,spotify:track:0c4IEciLCDdXEhhKxj4ThA
2435,spotify:track:1vyrrrnb7182SL6iOMor3O
2538,spotify:track:7BHPGtpuuWWsvE7cCaMuEU
3663,spotify:track:7w9bgPAmPTtrkt2v16QWvQ
3976,spotify:track:7w9bgPAmPTtrkt2v16QWvQ
3663,spotify:track:4RCWB3V8V0dignt99LZ8vH
2512,spotify:track:4CJVkjo5WpmUAKp3R44LNb
2598,spotify:track:5dNfHmqgr128gMY2tc5CeJ
2538,spotify:track:4o8STNAL91xc7EvuvqSKk1
2538,spotify:track:2PtBhfoPZ6VYtXkrE5FrCH
2538,spotify:track:7oGZAicScQt96OAW4AruYy
3663,spotify:track:05wIrZSwuaVWhcv5FfqeH0
2711,spotify:track:5yuShbu70mtHXY0yLzCQLQ
2742,spotify:track:6YUTL4dYpB9xZO5qExPf05
2872,spotify:track:5b9iBVhfYxDF4JJcHrNIx5
3147,spotify:track:7JXZq0JgG2zTrSOAgY8VMC
3210,spotify:track:0tICYNayWWhH9GPeFrfjfD
3377,spotify:track:0tICYNayWWhH9GPeFrfjfD
2952,spotify:track:2DLsQuwxEdXt2yp54vw355
3976,spotify:track:52JyHLUiugFECIYBWM2qdh
3197,spotify:track:5BbYPT6ehZf0hSv2su6JAl
3522,spotify:track:5BbYPT6ehZf0hSv2su6JAl
3210,spotify:track:1vvNmPOiUuyCbgWmtc6yfm
3976,spotify:track:7n8UWYTawkrcC1KBsY5XRc
3663,spotify:track:2EWpa5XnAuSn0sIkSSIhYk
3976,spotify:track:30Gd3snWllczPbz2Gd0JMe
3522,spotify:track:2QVzUws1l5mzZ4v46tGHrC
3883,spotify:track:51LIqkda3pTeECZUhMnool
3663,spotify:track:5nkYHBWXu7KCgcdwP6jcB1
3522,spotify:track:2WKLUgklz0VDX5bKTZ3eYD
3976,spotify:track:5voKHxbIqgBU7fZMX8Lu0T
3883,spotify:track:39KG4kom3enSx4GTThuDGt
