song_id,song_name,artist_name,artist_uri,album_name,album_uri
spotify:track:0dPBlz8N0veeceejtuvpPz,ILYSB,LANY,spotify:artist:49tQo2QULno7gxHutgccqF,LANY,spotify:album:2hVTFTbeg9QhXGZAY99oRa
spotify:track:4cxMGhkinTocPSVVKWIw0d,Losin Control,Russ,spotify:artist:1z7b1Pr1rSlvWRzsW3HOrS,There's Really A Wolf,spotify:album:0lUL92det7mZ4DaHYmiUEC
spotify:track:1Uq3IOIy1CUlHUgP6vWpum,Smoke Break (feat. Future),Chance The Rapper,spotify:artist:1anyVhU62p31KFi8MEzkbf,Coloring Book,spotify:album:71QyofYesSsRMwFOTafnhB
spotify:track:7yCqehT9dKACTFy7YugP0J,You & Me,Marc E. Bassy,spotify:artist:3tQx1LPXbsYjE9VwN1Peaa,Gossip Columns,spotify:album:4OmqJXPhD5FOqwdg5tBsnu
spotify:track:0EMmVUYs9ZZRHtlADB88uz,Come On Eileen,Dexys Midnight Runners,spotify:artist:4QTVePrFu1xuGM9K0kNXkk,Too Rye Ay,spotify:album:0QNluXFRHFyRVDiBHXmstK
spotify:track:439TlnnznSiBbQbgXiBqAd,m.A.A.d city,Kendrick Lamar,spotify:artist:2YZyLoL8N0Wb9xBt1NhZWg,"good kid, m.A.A.d city",spotify:album:6PBZN8cbwkqm1ERj2BGXJ1
spotify:track:5DA77EqppDmCTWGovd4oTP,Sex,Cheat Codes,spotify:artist:7DMveApC7UnC2NPfPvlHSU,Sex,spotify:album:1iiqWEpPshWspgGBn8ukcp
spotify:track:2mk87j3RWPdzy0rWIoUP1o,Drop the Game,Flume,spotify:artist:6nxWCVXbOlEVRexSbLsTer,Drop the Game - EP,spotify:album:5XHvSgcyEK3a99SwDyvppN
spotify:track:6olUplztLFFfU7fMYmFXOP,Sober,Childish Gambino,spotify:artist:73sIBHcqh3Z3NyqHKZ7FOL,Kauai,spotify:album:5GBcqixIFDPEom7AUNbFiM
spotify:track:1snNAXmmPXCn0dkF9DaPWw,You & Me - Flume Remix,Disclosure,spotify:artist:6nS5roXSAGhTGr34W6n7Et,Settle (The Remixes),spotify:album:0QFMqnSP2kBMTrbfNkj3SB
spotify:track:0tICYNayWWhH9GPeFrfjfD,This Girl (Kungs Vs. Cookin' On 3 Burners) - Kungs Vs. Cookin' On 3 Burners,Kungs,spotify:artist:7keGfmQR4X5w0two1xKZ7d,Layers,spotify:album:3nxlM2DFwij3JVP55yNRya
spotify:track:2AYEOC02WLhUiOoaig2SEH,Out Of My League,Fitz and The Tantrums,spotify:artist:4AcHt3JxKy59IX7JNNlZn4,More Than Just A Dream,spotify:album:3IWUFJCM3CvCCQIHQ4vtRK
spotify:track:2XMTqoHHSH0lvuXrvIEdco,Capsize,FRENSHIP,spotify:artist:7xEFii6utZmQ61kX59HmLH,Truce - EP,spotify:album:5qeKpDQFyotJjLh61pUZQo
spotify:track:10VBBaul4zVD0reteuIHM2,From Time,Drake,spotify:artist:3TVXtAsR1Inumwj472S9r4,Nothing Was The Same,spotify:album:2gXTTQ713nCELgPOS0qWyt
spotify:track:0SGkqnVQo9KPytSri1H6cF,Bounce Back,Big Sean,spotify:artist:0c173mlxpT3dSFRgMO8XPh,I Decided.,spotify:album:0XAIjjN5qxViVS0Y5fYkar
spotify:track:5aAx2yezTd8zXrkmtKl66Z,Starboy,The Weeknd,spotify:artist:1Xyo4u8uXC1ZmMpatF05PJ,Starboy,spotify:album:09fggMHib4YkOtwQNXEBII
spotify:track:42et6fnHCw1HIPSrdPprMl,Semi-Charmed Life,Third Eye Blind,spotify:artist:6TcnmlCSxihzWOQJ8k0rNS,Third Eye Blind,spotify:album:2gToC0XAblE9h3UZD6aAaQ
spotify:track:3a1lNhkSLSkpJE4MSHpDu9,Congratulations,Post Malone,spotify:artist:246dkjvS1zLTtiykXe5h60,Stoney,spotify:album:5s0rmjP8XOPhP6HhqOhuyC
spotify:track:6gBFPUFcJLzWGx4lenP6h2,goosebumps,Travis Scott,spotify:artist:0Y5tJX1MQlPlqiwlOH1tJY,Birds In The Trap Sing McKnight,spotify:album:42WVQWuf1teDysXiOupIZt
spotify:track:1CnPYaKxTVb4LWOtiGOm0m,All Time Low,Jon Bellion,spotify:artist:50JJSqHUf2RQ9xsHs0KMHg,The Human Condition,spotify:album:2e8nzTZ0HtK94IifOWgN7o
spotify:track:0Fv5N0cHBsl4bzCbollCAS,Moves,Big Sean,spotify:artist:0c173mlxpT3dSFRgMO8XPh,I Decided.,spotify:album:0XAIjjN5qxViVS0Y5fYkar
spotify:track:5GXAXm5YOmYT0kL5jHvYBt,I Feel It Coming,The Weeknd,spotify:artist:1Xyo4u8uXC1ZmMpatF05PJ,Starboy,spotify:album:4AdZV63ycxFLF6Hcol0QnB
spotify:track:0or0gNaKAXYYCsOrpvRzAu,Liability,Lorde,spotify:artist:163tK9Wjr9P9DmM0AVK7lm,Melodrama,spotify:album:4JeJPyNnsB3tqnHR7RL5v5
spotify:track:2GiJYvgVaD2HtM8GqD9EgQ,Electric Love,BØRNS,spotify:artist:1KP6TWI40m7p3QBTU6u2xo,Dopamine,spotify:album:17l7MIu0Jh0tdgK7or9ovw
spotify:track:4AewKenHXKBt643p473xCk,American Money,BØRNS,spotify:artist:1KP6TWI40m7p3QBTU6u2xo,Dopamine,spotify:album:17l7MIu0Jh0tdgK7or9ovw
spotify:track:2PtBhfoPZ6VYtXkrE5FrCH,Reflections,MisterWives,spotify:artist:5ivCbtrcD5N4rD337xIb2z,Our Own House,spotify:album:726GB3GTBwPdsGr5XzOQbz
spotify:track:3e0yTP5trHBBVvV32jwXqF,Anna Sun,WALK THE MOON,spotify:artist:6DIS6PRrLS3wbnZsf7vYic,Walk The Moon,spotify:album:1QhonXpNQq8wrGEKX0ofbk
spotify:track:0d28khcov6AiegSCpG5TuT,Feel Good Inc,Gorillaz,spotify:artist:3AA28KZvwAUcZuOKwyblJQ,Demon Days,spotify:album:0bUTHlWbkSQysoM3VsWldT
spotify:track:3kZC0ZmFWrEHdUCmUqlvgZ,I Will Follow You Into The Dark,Death Cab for Cutie,spotify:artist:0YrtvWJMgSdVrk3SfNjTbx,Plans,spotify:album:1NFGnxmeIEBakre4DvLaJq
spotify:track:0MGlHpo9P4HN4AsgG44GG7,Electric (feat. Khalid),Alina Baraz,spotify:artist:6hfwwpXqZPRC9CsKI7qtv1,Electric (feat. Khalid),spotify:album:3ViyaxHvxG4qWKt8yptdrG
spotify:track:7tr2za8SQg2CI8EDgrdtNl,Slide,Calvin Harris,spotify:artist:7CajNmpbOovFoOoasH2HaY,Funk Wav Bounces Vol.1,spotify:album:2HaqChIDc5go3qxVunBDK0
spotify:track:7BHPGtpuuWWsvE7cCaMuEU,Naive,The Kooks,spotify:artist:1GLtl8uqKmnyCWxHmw9tL4,Inside In / Inside Out,spotify:album:03JPFQvZRnHHysSZrSFmKY
spotify:track:7jOXGeS0v0rdFssNy7Mxkn,Lost In My Mind,The Head and the Heart,spotify:artist:0n94vC3S9c3mb2HyNAOcjg,The Head And The Heart,spotify:album:4JKVVz1tD8PYKoXIZ7ZEJy
spotify:track:0CokSRCu5hZgPxcZBaEzVE,Glorious (feat. Skylar Grey),Macklemore,spotify:artist:3JhNCzhSMTxs9WLGJJxWOY,GEMINI,spotify:album:72qA6s4fjF8Y2VX1UDMfp2
spotify:track:5tz69p7tJuGPeMGwNTxYuV,1-800-273-8255,Logic,spotify:artist:4xRYI6VqpkE3UwrDrAZL8L,Everybody,spotify:album:1HiN2YXZcc3EjmVZ4WjfBk
spotify:track:5masKPHeAOVNgxdLebIcK7,Stole the Show,Kygo,spotify:artist:23fqKkggKUBHNkbKtXEls4,Cloud Nine,spotify:album:0uMIzWh1uEpHEBell4rlF8
spotify:track:1I8tHoNBFTuoJAlh4hfVVE,Firestone,Kygo,spotify:artist:23fqKkggKUBHNkbKtXEls4,Cloud Nine,spotify:album:0uMIzWh1uEpHEBell4rlF8
spotify:track:2d8JP84HNLKhmd6IYOoupQ,Trap Queen,Fetty Wap,spotify:artist:6PXS4YHDkKvl1wkIl4V8DL,Fetty Wap,spotify:album:2gKQvajkEEaDtkqJ8FJ4uw
spotify:track:6zpCJDhdpHPZCcFCJZDqX5,High You Are,What So Not,spotify:artist:4AA8eXtzqh5ykxtafLaPOi,High You Are,spotify:album:5FAFTIaf9DBYcmDkYB3F3g
spotify:track:4w7yrP4RAeeyhfG9nJqQvS,I Don't Fuck With You,Big Sean,spotify:artist:0c173mlxpT3dSFRgMO8XPh,Dark Sky Paradise,spotify:album:3QZ9gSv35M8vfQA127l3vn
spotify:track:0Dc7J9VPV4eOInoxUiZrsL,Don't Tell 'Em,Jeremih,spotify:artist:3KV3p5EY4AvKxOlhGHORLg,Late Nights: The Album,spotify:album:7DMyQuDPe8xzjC0UDSDa96
spotify:track:4iEOVEULZRvmzYSZY2ViKN,Left Hand Free,alt-J,spotify:artist:3XHO7cRUPCLOr6jwp8vsx5,This Is All Yours,spotify:album:4oktVvRuO1In9B7Hz0xm0a
spotify:track:4WjH9Bzt3kx7z8kl0awxh4,Lean On (feat. MØ & DJ Snake),Major Lazer,spotify:artist:738wLrAtLtCtFOLvQBXOXp,Peace Is The Mission,spotify:album:2XBnxKeRZi76u2iyGcMych
spotify:track:66hayvUbTotekKU3H4ta1f,Where Are Ü Now (with Justin Bieber),Jack Ü,spotify:artist:1HxJeLhIuegM3KgvPn8sTa,Skrillex and Diplo present Jack Ü,spotify:album:6bfkwBrGYKJFk6Z4QVyjxd
spotify:track:7oGZAicScQt96OAW4AruYy,Want to Want Me,Jason Derulo,spotify:artist:07YZf4WDAMNwqr4jfgOZ8y,Everything Is 4,spotify:album:59eUYETmE1zi31ESb3SUkI
spotify:track:0z8yrlXSjnI29Rv30RssNI,Shots - Broiler Remix,Imagine Dragons,spotify:artist:53XhwfbYqKCa1cC15pYq2q,Smoke + Mirrors,spotify:album:2XjPrtaAqvviEgSHCpzHmM
spotify:track:6SwRhMLwNqEi6alNPVG00n,LOYALTY. FEAT. RIHANNA.,Kendrick Lamar,spotify:artist:2YZyLoL8N0Wb9xBt1NhZWg,DAMN.,spotify:album:4eLPsYPBmXABThSJ821sqY
spotify:track:7hDc8b7IXETo14hHIHdnhd,Passionfruit,Drake,spotify:artist:3TVXtAsR1Inumwj472S9r4,More Life,spotify:album:7Ix0FS4f1lK42C3rix5rHg
spotify:track:7KXjTSCq5nL1LoYtL7XAwS,HUMBLE.,Kendrick Lamar,spotify:artist:2YZyLoL8N0Wb9xBt1NhZWg,DAMN.,spotify:album:4eLPsYPBmXABThSJ821sqY
spotify:track:5mB1bWU8VueYVxuvcLPn2B,Do It Myself,Russ,spotify:artist:1z7b1Pr1rSlvWRzsW3HOrS,There's Really A Wolf,spotify:album:0lUL92det7mZ4DaHYmiUEC
spotify:track:2ANLarE8yHVsLWW21nj79M,You Was Right,Lil Uzi Vert,spotify:artist:4O15NlyKLIASxsJ0PrXPfz,Lil Uzi Vert Vs. The World,spotify:album:7mgdTKTCdfnLoa1HXHvLYM
spotify:track:5LZQ5s0kRZS9nBSd1xLK7U,Trndsttr (feat. M. Maggie) - Lucian Remix,Black Coast,spotify:artist:4JMdvZoXArDVuMNNelKmjo,Trndsttr (feat. M. Maggie),spotify:album:5q3vgbTbWJut1Go3qzVgya
spotify:track:0Zge2Kfo3Yd9JOGnAmVPbb,We Won't,Jaymes Young,spotify:artist:6QrQ7OrISRYIfS5mtacaw2,Feel Something,spotify:album:6MuWCR3WPjwyKhqsTKLZ3z
spotify:track:7cGFbx7MP0H23iHZTZpqMM,Everybody,Logic,spotify:artist:4xRYI6VqpkE3UwrDrAZL8L,Everybody,spotify:album:1HiN2YXZcc3EjmVZ4WjfBk
spotify:track:7BKUWh5sdtdS17crohRe4L,Black SpiderMan,Logic,spotify:artist:4xRYI6VqpkE3UwrDrAZL8L,Everybody,spotify:album:1HiN2YXZcc3EjmVZ4WjfBk
spotify:track:1vyrrrnb7182SL6iOMor3O,Youth,Daughter,spotify:artist:46CitWgnWrvF9t70C2p1Me,If You Leave,spotify:album:2Y3kTeMHY7GZAvyNwV1jIH
spotify:track:5xoUgPXbMNUmoHU0Enwtwq,She Moves In Her Own Way,The Kooks,spotify:artist:1GLtl8uqKmnyCWxHmw9tL4,Inside In / Inside Out,spotify:album:03JPFQvZRnHHysSZrSFmKY
spotify:track:1gGY6qfslDtJ4OoWQGKtkE,Hold On,Alabama Shakes,spotify:artist:16GcWuvvybAoaHr0NqT8Eh,Boys & Girls,spotify:album:0YcQyzstsSbcnLCk4h7AUh
spotify:track:4ZIb6YivyYtpOD0Ur7kDEP,Only One,Kanye West,spotify:artist:5K4W6rqBFWDnAN6FQUkS6x,Only One,spotify:album:7FhiPGHTsdrGf8lxp0YpET
spotify:track:1wYZZtamWTQAoj8B812uKQ,Here,Alessia Cara,spotify:artist:2wUjUUtkb5lvLKcGKsKqsR,Know-It-All,spotify:album:3rDbA12I5duZnlwakqDdZa
spotify:track:3CRDbSIZ4r5MsZ0YwxuEkn,Stressed Out,Twenty One Pilots,spotify:artist:3YQKmKGau1PzlVlkL1iodx,Blurryface,spotify:album:3cQO7jp5S9qLBoIVtbkSM1
spotify:track:1xznGGDReH1oQq0xzbwXa3,One Dance,Drake,spotify:artist:3TVXtAsR1Inumwj472S9r4,Views,spotify:album:3hARKC8cinq3mZLLAEaBh9
spotify:track:7hhAwcMTdCHxuYkCHCfzw7,Unwritten,Natasha Bedingfield,spotify:artist:7o95ZoZt5ZYn31e9z1Hc0a,Unwritten,spotify:album:4LOqtdV9dCY7NX7iNK1lBe
spotify:track:2yNWwardt8VzlpNBWrGYD6,For Once In My Life,Stevie Wonder,spotify:artist:7guDJrEfX3qb6FEbdPA5qi,For Once In My Life,spotify:album:59hSInYpAsa4we4TzDGaWT
spotify:track:3yrSvpt2l1xhsV9Em88Pul,Brown Eyed Girl,Van Morrison,spotify:artist:44NX2ffIYHr6D4n7RaZF7A,Blowin' Your Mind!,spotify:album:7dsWupQRlFuhG8FGiQAUjC
spotify:track:4ya82vEkIk1HJpuPDhESOC,Come & Get Your Love (Re-Recorded),Redbone,spotify:artist:0w7HLMvZOHatWVbAKee1zF,70s Classics,spotify:album:0BHvTtxYQvZA9Ya6KewuX1
spotify:track:0jx8zY5JQsS4YEQcfkoc5C,Angels (feat. Saba),Chance The Rapper,spotify:artist:1anyVhU62p31KFi8MEzkbf,Coloring Book,spotify:album:71QyofYesSsRMwFOTafnhB
spotify:track:1z6WtY7X4HQJvzxC4UgkSf,Love On Top,Beyoncé,spotify:artist:6vWDO969PvNqNYHIOW5v0m,4,spotify:album:1gIC63gC3B7o7FfpPACZQJ
spotify:track:1mqlc0vEP9mU1kZgTi6LIQ,September,"Earth, Wind & Fire",spotify:artist:4QQgXkCYTt3BlENzhyNETg,"Now, Then & Forever",spotify:album:2dZn2ZVkJYFIyXsVmjyp9Y
spotify:track:41on8RwRh22IHcChAN2gm8,American Boy (feat. Kanye West),Estelle,spotify:artist:5T0MSzX9RC5NA6gAI6irSn,Shine,spotify:album:4nAIqmKELnBEXEkYg1pMic
spotify:track:39lSeqnyjZJejRuaREfyLL,Hungry Like The Wolf - 2009 Remastered Version,Duran Duran,spotify:artist:0lZoBs4Pzo7R89JM9lxwoT,Rio [Collector's Edition],spotify:album:02tfQwJSOLP77oCd9U8bqm
spotify:track:0O45fw2L5vsWpdsOdXwNAR,SexyBack,Justin Timberlake,spotify:artist:31TPClRtHm23RisEBtV3X7,FutureSex/LoveSounds,spotify:album:2scB1uhcCI1TSf6b9TCZK3
spotify:track:4bHsxqR3GMrXTxEPLuK5ue,Don't Stop Believin',Journey,spotify:artist:0rvjqX7ttXeg3mTy8Xscbt,Escape,spotify:album:43wpzak9OmQfrjyksuGwp0
spotify:track:3lwrebzX6n6v4zP5DOqBKc,Hey Ma,Cam’ron,spotify:artist:7iMvwE8qANp3aIfAGKEAwS,Come Home With Me,spotify:album:39944ACXhgHs7gjXa5HehY
spotify:track:2udw7RDkldLFIPG9WYdVtT,Sir Duke,Stevie Wonder,spotify:artist:7guDJrEfX3qb6FEbdPA5qi,Songs In The Key Of Life,spotify:album:0BBWJ3L9fhkmNLdt4zs4fu
spotify:track:2H3ZUSE54pST4ubRd5FzFR,Ain't No Mountain High Enough,Marvin Gaye,spotify:artist:3koiLjNrgRTNbOwViDipeA,United,spotify:album:6sbZYwwQB15bt5TgkPFAdb
spotify:track:0KKkJNfGyhkQ5aFogxQAPU,That's What I Like,Bruno Mars,spotify:artist:0du5cEVh5yTK9QJze8zA0C,24K Magic,spotify:album:4PgleR09JVnm3zY1fW3XBA
spotify:track:6b8Be6ljOzmkOmFslEb23P,24K Magic,Bruno Mars,spotify:artist:0du5cEVh5yTK9QJze8zA0C,24K Magic,spotify:album:4PgleR09JVnm3zY1fW3XBA
spotify:track:4G2Hbfwvn3oH7LxxPXjjGn,Treasure,Bruno Mars,spotify:artist:0du5cEVh5yTK9QJze8zA0C,Unorthodox Jukebox,spotify:album:4xWulj18AGahlyuZPulaGe
spotify:track:6LbN9JT2sAckykm78CA8Ol,Is There Somewhere,Halsey,spotify:artist:26VFTg2z8YR0cCuwLzESi2,Room 93,spotify:album:66Zj4TAdX9v9lSzhkzCAnW
spotify:track:4Z3qm2aWGTJuJKnv3EWwyD,Hide Away,Daya,spotify:artist:6Dd3NScHWwnW6obMFbl1BH,"Sit Still, Look Pretty",spotify:album:2cE2eOy7alOZHpuelJEV8Q
spotify:track:7fPHfBCyKE3aVCBjE4DAvl,In The Night,The Weeknd,spotify:artist:1Xyo4u8uXC1ZmMpatF05PJ,Beauty Behind The Madness,spotify:album:28ZKQMoNBB0etKXZ97G2SN
spotify:track:3Bjr9MzHM7KHk6zq7KvJRN,Love Myself,Hailee Steinfeld,spotify:artist:5p7f24Rk5HkUZsaS3BLG5F,HAIZ,spotify:album:5m01tty1948HnkXUhG0urw
spotify:track:0zMzyHAeMvwq5CRstru1Fp,Lost Boy,Ruth B.,spotify:artist:2WzaAvm2bBCf4pEhyuDgCY,Safe Haven,spotify:album:6FgtuX3PtiB5civjHYhc52
spotify:track:2FiSTH0GYpIioUgjfzMIja,Stay,Kygo,spotify:artist:23fqKkggKUBHNkbKtXEls4,Cloud Nine,spotify:album:0uMIzWh1uEpHEBell4rlF8
spotify:track:4pLwZjInHj3SimIyN9SnOz,Side To Side,Ariana Grande,spotify:artist:66CXWjxzNUsdJxJ2JdwvnR,Dangerous Woman,spotify:album:4lVR2fg3DAUQpGVJ6DciHW
spotify:track:0OwX5aROoW1Iip8FV51Efg,Alarm,Anne-Marie,spotify:artist:1zNqDE7qDGCsyzJwohVaoX,Alarm,spotify:album:2Z3HQO6NL3812mnNj7htXv
spotify:track:4lJ6YVXQ0jUk5ILu0PSrA4,Ooh La La,Faces,spotify:artist:3v4feUQnU3VEUqFrjmtekL,Ooh La La,spotify:album:4eTVgxB6wm5eGvesA4cUN5
spotify:track:1dv3ePjze9tPq2pk8eWJdR,Gimme Shelter,The Rolling Stones,spotify:artist:22bE4uQ6baNwSHPVcDxLCe,Let It Bleed,spotify:album:0c78nsgqX6VfniSNWIxwoD
spotify:track:2EWpa5XnAuSn0sIkSSIhYk,Wish I Knew You,The Revivalists,spotify:artist:5kuJibJcwOC53s3OkoGMRA,Men Amongst Mountains,spotify:album:4d40uSufPdCDGGedQGCdGn
spotify:track:5G1sTBGbZT5o4PNRc75RKI,Lonely Boy,The Black Keys,spotify:artist:7mnBLXK823vNxN3UWB7Gfz,El Camino,spotify:album:5DLhV9yOvZ7IxVmljMXtNm
spotify:track:77oU2rjC5XbjQfNe3bD6so,Beast Of Burden - Remastered,The Rolling Stones,spotify:artist:22bE4uQ6baNwSHPVcDxLCe,Some Girls,spotify:album:1Jv2AqzhgsduUik2p4k3cS
spotify:track:5cbpoIu3YjoOwbBDGUEp3P,Car Radio,Twenty One Pilots,spotify:artist:3YQKmKGau1PzlVlkL1iodx,Vessel,spotify:album:2r2r78NE05YjyHyVbVgqFn
spotify:track:5b9iBVhfYxDF4JJcHrNIx5,Gooey,Glass Animals,spotify:artist:4yvcSjfu4PC0CYQyLy4wSq,ZABA,spotify:album:2ipSXAsBLmvEeVKKbRAL7i
spotify:track:17YuXw2ScwLLL1sUrRKhoW,Fantasy,Alina Baraz,spotify:artist:6hfwwpXqZPRC9CsKI7qtv1,Urban Flora EP,spotify:album:1MDXXd7ea47KCYOfHww6En
spotify:track:7MooGz4ZPE4bNxjFegR6Jx,You Don't Know How It Feels,Tom Petty,spotify:artist:2UZMlIwnkgAEDBsw1Rejkn,Wildflowers,spotify:album:3ZGUBwDiY5HPOcWv4SBPQg
spotify:track:6mapJIPnQ23RTAevUoE0DL,Swang,Rae Sremmurd,spotify:artist:7iZtZyCzp3LItcw1wtPI3D,SremmLife 2,spotify:album:5v6iBhIlflzR9rEd1LAMbd
spotify:track:1Tt4sE4pXi57mTD1GCzsqm,Needed Me,Rihanna,spotify:artist:5pKCCKE2ajJHZ9KAiaK11H,ANTI,spotify:album:3Q149ZH46Z0f3oDR7vlDYV
spotify:track:16qYlQ6koFxYVbiJbGHblz,G.O.M.D.,J. Cole,spotify:artist:6l3HvQ5sa6mXTsMTB19rO5,2014 Forest Hills Drive,spotify:album:7viNUmZZ8ztn2UB4XB3jIL
spotify:track:62vpWI1CHwFy7tMIcSStl8,No Role Modelz,J. Cole,spotify:artist:6l3HvQ5sa6mXTsMTB19rO5,2014 Forest Hills Drive,spotify:album:7viNUmZZ8ztn2UB4XB3jIL
spotify:track:55OdqrG8WLmsYyY1jijD9b,Wyclef Jean,Young Thug,spotify:artist:50co4Is1HCEo8bhOyUWKpn,JEFFERY,spotify:album:7EpUpNUkkEGnaCvkcn1j4H
spotify:track:3nAq2hCr1oWsIU54tS98pL,Waves,Kanye West,spotify:artist:5K4W6rqBFWDnAN6FQUkS6x,The Life Of Pablo,spotify:album:7gsWAHLeT0w7es6FofOXk1
spotify:track:4f1QbCjIAgQwnf7ms9NXWx,Me You,Russ,spotify:artist:1z7b1Pr1rSlvWRzsW3HOrS,There's Really A Wolf,spotify:album:0lUL92det7mZ4DaHYmiUEC
spotify:track:7kqcudBGM74MXVoYMaoWkC,Loyal,Chris Brown,spotify:artist:7bXgB6jMjp9ATFy66eO08Z,X (Deluxe Version),spotify:album:4yOWnTrCkOOpl4IiVnpj3H
spotify:track:2BqQQXuBOuhaWeUP7okEx0,Comfortable,K CAMP,spotify:artist:5bgfj5zUoWpyeVatGDjn6H,Only Way Is Up,spotify:album:7lrsfwcRiLCeWFM3u38DzB
spotify:track:0QsvXIfqM0zZoerQfsI9lm,Don't Let Me Down,The Chainsmokers,spotify:artist:69GGBxA162lTqCwzJG5jLp,The Chainsmokers- Japan Special Edition,spotify:album:3ShQFl9FladFKlonwPGZFc
spotify:track:7EiZI6JVHllARrX9PUvAdX,Low Life,Future,spotify:artist:1RyvyyTE3xzB2ZywiAwp0i,EVOL,spotify:album:3jJKDKdlwRS584zUlHV2Ly
spotify:track:5XJJdNPkwmbUwE79gv0NxK,Gold Digger,Kanye West,spotify:artist:5K4W6rqBFWDnAN6FQUkS6x,Late Registration,spotify:album:4GRDFQ9HRoO0by8H0r2a3I
spotify:track:4kfm1uI9QGaoN9qm6CkAMn,What I've Done,Linkin Park,spotify:artist:6XyY86QOPPrYVGvF9ch6wz,Minutes To Midnight,spotify:album:2FJ7JZqCtWXd9MjuBQhCP4
spotify:track:7w9bgPAmPTtrkt2v16QWvQ,Lose Yourself - Soundtrack Version,Eminem,spotify:artist:7dGJo4pcD2V6oG8kP0tJRR,Curtain Call,spotify:album:71xFWYFtiHC8eP99QB30AA
spotify:track:4fykY5EpYRavu87absOh1f,Be Together (feat. Wild Belle),Major Lazer,spotify:artist:738wLrAtLtCtFOLvQBXOXp,Peace Is The Mission,spotify:album:2XBnxKeRZi76u2iyGcMych
spotify:track:7J41dYQolQJEtj3UmKLu5r,U Got It Bad,Usher,spotify:artist:23zg3TcAtWQy7J6upgbUnj,8701,spotify:album:6k16WXh4rKyusIoN00rmpi
spotify:track:6jvvpPJQJy5rMOEkLlADl6,Neighbors Know My Name,Trey Songz,spotify:artist:2iojnBLj0qIMiKPvVhLnsH,Ready,spotify:album:44jrX3SThj7pFjOzUTLm85
spotify:track:0ntQJM78wzOLVeCUAW7Y45,Sex on Fire,Kings of Leon,spotify:artist:2qk9voo8llSGYcZ6xrBzKx,Only By The Night,spotify:album:5CZR6ljD0x9fTiS4mh9wMp
spotify:track:3pfXxHoydFRfD7IBGJTQAN,Pony,Ginuwine,spotify:artist:7r8RF1tN2A4CiGEplkp1oP,R&B: From Doo-Wop To Hip-Hop,spotify:album:3O2912EZv0FBJKZ0K5ruzK
spotify:track:0JXXNGljqupsJaZsgSbMZV,Sure Thing,Miguel,spotify:artist:360IAlyVv4PCEVjgyMZrxK,All I Want Is You,spotify:album:493HYe7N5pleudEZRyhE7R
spotify:track:32OlwWuMpZ6b0aN2RZOeMS,Uptown Funk,Mark Ronson,spotify:artist:3hv9jJF3adDNsBSIQDqcjp,Uptown Special,spotify:album:3vLaOYCNCzngDf8QdBg2V1
spotify:track:0DBIL8arX0Zo6eAuxNIpik,Bump n' Grind,R. Kelly,spotify:artist:2mxe0TnaNL039ysAj51xPQ,12 Play,spotify:album:11UWeyxXNreHeZwEViqs3y
spotify:track:2gam98EZKrF9XuOkU13ApN,Promiscuous,Nelly Furtado,spotify:artist:2jw70GZXlAI8QzWeY2bgRc,Loose,spotify:album:2yboV2QBcVGEhcRlYuPpDT
spotify:track:7n8UWYTawkrcC1KBsY5XRc,Beautiful,Eminem,spotify:artist:7dGJo4pcD2V6oG8kP0tJRR,Relapse,spotify:album:04r9yvH25PwePggAYZQYq8
spotify:track:0c4IEciLCDdXEhhKxj4ThA,Madness,Muse,spotify:artist:12Chz98pHFMPJEknJQMWvI,The 2nd Law,spotify:album:3KuXEGcqLcnEYWnn3OEGy0
spotify:track:7wBrglFVTNCcW6IhdgBkm1,Paradise,Coldplay,spotify:artist:4gzpq5DPGxSnKTe4SA8HAU,Mylo Xyloto,spotify:album:5GykKNn2KjofEoA8SpNnuw
spotify:track:6Z01gUquJsjJC67uNWm6P0,Shot For Me,Drake,spotify:artist:3TVXtAsR1Inumwj472S9r4,Take Care,spotify:album:6X1x82kppWZmDzlXXK3y3q
spotify:track:4eSGSqP2TZvvX0kadZZttM,Doing It Wrong,Drake,spotify:artist:3TVXtAsR1Inumwj472S9r4,Take Care,spotify:album:6X1x82kppWZmDzlXXK3y3q
spotify:track:53QF56cjZA9RTuuMZDrSA6,I Won't Give Up,Jason Mraz,spotify:artist:4phGZZrJZRo4ElhRtViYdl,Love Is A Four Letter Word,spotify:album:64SChsjQBiEe3aVTFYnW1b
spotify:track:3b7CDTKB0SRTmQ6ytYi5vZ,Drunk On You,Luke Bryan,spotify:artist:0BvkDsjIUla7X0k6CSWh1I,Tailgates & Tanlines,spotify:album:4ybWq0AegFFAvHULAe7q0K
spotify:track:2V65y3PX4DkRhy1djlxd9p,Don't You Worry Child (Radio Edit) [feat. John Martin],Swedish House Mafia,spotify:artist:1h6Cn3P4NGzXbaXidqURXs,Don't You Worry Child (feat. John Martin),spotify:album:3RKhRsifs4RWrqvWV1YpPY
spotify:track:0d1ZmSlIf05gkCPuSPy0Yq,Home,Phillip Phillips,spotify:artist:6p5JxpTc7USNnBnLzctyd4,The World From The Side Of The Moon,spotify:album:6Q763AFH9UEyRKe0aFDJt0
spotify:track:0ytw2owVvegkIS87txqV1O,Swim Good,Frank Ocean,spotify:artist:2h93pZq0e7k5yf4dywlkpM,Swim Good,spotify:album:54LzGRPx7leJfCh8Vp48Rk
spotify:track:3AYcyxEACnmE6d96RPubID,Thrift Shop (feat. Wanz),Macklemore & Ryan Lewis,spotify:artist:5BcAKTbp20cv7tC5VqPFoC,The Heist [Deluxe Edition],spotify:album:0CoiTAUBiO70lic9p9Lboq
spotify:track:0lsqtZVyovtBSQtWdD44LH,Sweet Nothing,Calvin Harris,spotify:artist:7CajNmpbOovFoOoasH2HaY,18 Months,spotify:album:4TjPTVBmdyaowp08j2toa0
spotify:track:1NNAI51EuoRWw1ydX1zV7S,Daylight,Maroon 5,spotify:artist:04gDigrS5kc9YWfZHwBETP,Overexposed Track By Track,spotify:album:6ijGiBcBfUwkoyHn5VUHU2
spotify:track:2U8NXPTXZWG2O0ye2sYRiH,I Love It (feat. Charli XCX) - feat. Charli XCX [Original Version],Icona Pop,spotify:artist:1VBflYyxBhnDc9uVib98rw,THIS IS... ICONA POP,spotify:album:3qpAHoOLWeXRNTaGzeYf13
spotify:track:2Oehrcv4Kov0SuIgWyQY9e,Demons,Imagine Dragons,spotify:artist:53XhwfbYqKCa1cC15pYq2q,Night Visions,spotify:album:1vAEF8F0HoRFGiYOEeJXHW
spotify:track:3hB5DgAiMAQ4DzYbsMq1IT,Love Yourself,Justin Bieber,spotify:artist:1uNFoZAHBGtllmzznpCI3s,Purpose,spotify:album:7fZH0aUAjY3ay25obOUf2a
spotify:track:4tCtwWceOPWzenK2HAIJSb,Work from Home,Fifth Harmony,spotify:artist:1l8Fu6IkuTP0U5QetQJ5Xt,7/27,spotify:album:0pF0oyuPNdOObniB1Ng0kW
spotify:track:7BKLCZ1jbUBVqRi2FVlTVw,Closer,The Chainsmokers,spotify:artist:69GGBxA162lTqCwzJG5jLp,Closer,spotify:album:0rSLgV8p5FzfnqlEk4GzxE
spotify:track:4pdPtRcBmOSQDlJ3Fk945m,Let Me Love You,DJ Snake,spotify:artist:540vIaP2JwjQb9dm3aArA4,Encore,spotify:album:55bbXORm6ZrVq52zfZnxBf
spotify:track:6875MeXyCW0wLyT72Eetmo,Starving,Hailee Steinfeld,spotify:artist:5p7f24Rk5HkUZsaS3BLG5F,HAIZ,spotify:album:5m01tty1948HnkXUhG0urw
spotify:track:5HuqzFfq2ulY1iBAW5CxLe,Rather Be (feat. Jess Glynne),Clean Bandit,spotify:artist:6MDME20pz9RveH9rEXvrOM,I Cry When I Laugh,spotify:album:2xVeccmEU0zklK4XSKiDCW
spotify:track:4d75stQ2jRfq8lzaqhFFKs,Latch - Acoustic,Sam Smith,spotify:artist:2wY79sveU1sp5g7SokKOiI,In The Lonely Hour,spotify:album:5N2cKMFxO89SjxJgDWmsQ5
spotify:track:53Pgsvu3qSYO2aXt5J2vcL,Lego House,Ed Sheeran,spotify:artist:6eUKZXaKkcviH0Ku9w2n3V,+,spotify:album:0W5GGnapMz0VwemQvJDqa7
spotify:track:0IqKeD8ZSP72KbGYyzEcAs,Take Me To Church,Hozier,spotify:artist:2FXC3k01G6Gw61bmprjgqS,Hozier,spotify:album:36k5aXpxffjVGcNce12GLZ
spotify:track:3jVtllWS5CFFWLQng8sKsr,2 On,Tinashe,spotify:artist:0NIIxcxNHmOoyBx03SfTCD,Aquarius,spotify:album:6zXUDBGLbrB9Kgkw2Y3F7L
spotify:track:0uVyZywUNOp6S0dU5r8TS8,Prayer in C - Robin Schulz Radio Edit,Lilly Wood and The Prick,spotify:artist:50OApTJurDusIo9dGTqSU4,Prayer,spotify:album:1SrvubPy1Dg2BWJyTMcmgr
spotify:track:3vOmmLuvEUgGaVuRsCs2QF,I Was Made For Loving You,Tori Kelly,spotify:artist:1vSN1fsvrzpbttOYGsliDr,Unbreakable Smile,spotify:album:6Q7yIbfFPzplTCBM7d1WRO
spotify:track:58jx3tTuDuzHysC77c0AQd,Hold My Hand,Jess Glynne,spotify:artist:4ScCswdRlyA23odg9thgIO,I Cry When I Laugh,spotify:album:7BEPVoBcHuTLWpcdj8FhM8
spotify:track:43Ei9NSyEjgFYXoKLISyz4,Magnets,Disclosure,spotify:artist:6nS5roXSAGhTGr34W6n7Et,Caracal,spotify:album:6c7LgalPL58r2tytqTU4Ax
spotify:track:6WhzFzROw3aq3rPWjgYlxr,Gold,Kiiara,spotify:artist:4u5smJBskI6Adzv08PuiUP,Gold,spotify:album:4sbZHOW6I2LTTjlRJbhVtA
spotify:track:5afHIkEcVhCF1Z1CTqMUXB,Ain't Nobody (Loves Me Better),Felix Jaehn,spotify:artist:4bL2B6hmLlMWnUEZnorEtG,Ain't Nobody (Loves Me Better),spotify:album:3beitV4REkUMQn4BXZlD8F
spotify:track:0CNjoQozZP0mB9rKVdrKGx,Toothbrush,DNCE,spotify:artist:6T5tfhQCknKG4UnH90qGnz,DNCE,spotify:album:7K89F9bgY1jks0uIlMerm3
spotify:track:4llK75pXNWZz6KAho2Gp16,She Will Be Loved - Radio Mix,Maroon 5,spotify:artist:04gDigrS5kc9YWfZHwBETP,Songs About Jane: 10th Anniversary Edition,spotify:album:5zClcGCSWj926AMjvBNSLc
spotify:track:6mORGLOz79w6VsCRLWYYuK,The Night We Met,Lord Huron,spotify:artist:6ltzsmQQbmdoHHbLZ4ZN25,Strange Trails,spotify:album:1SUC3BzNqa5Kna2bZAsAK8
spotify:track:0Cvjlph1WGbwZY1PlMEtJY,Come Away With Me,Norah Jones,spotify:artist:2Kx7MNY7cI1ENniW7vT30N,Come Away With Me,spotify:album:1JvoMzqg04nC29gam4Qaiq
spotify:track:4RCWB3V8V0dignt99LZ8vH,Hey There Delilah,Plain White T's,spotify:artist:1g1yxsNVPhMUl9GrMjEb2o,All That We Needed,spotify:album:4vUClKTFaDWnsHE8rK52GY
spotify:track:67iAlVNDDdddxqSD2EZhFs,I'm Gonna Be (500 Miles),The Proclaimers,spotify:artist:1A92IAcd7A6npCA33oGM5i,Sunshine On Leith,spotify:album:5sK78apv4yOoXjxRL4kOdJ
spotify:track:7L605WhF5EGf34ggj87yK6,You And Me,Lifehouse,spotify:artist:5PokPZn11xzZXyXSfnvIM3,Lifehouse,spotify:album:3wJfFDP79V0vuGaAasTIz6
spotify:track:3zByVQLvdXUaDTubfWkpCk,Sweet Caroline,Neil Diamond,spotify:artist:7mEIug7XUlQHikrFxjTWes,Sweet Caroline,spotify:album:3aLKBtYt2B0XdLaTtBzF2n
spotify:track:494OU6M7NOf4ICYb4zWCf5,Sugar,Maroon 5,spotify:artist:04gDigrS5kc9YWfZHwBETP,V,spotify:album:4KXLjIEas8MTwwX3xpmAdC
spotify:track:2HHtWyy5CgaQbC7XSoOb0e,Eye of the Tiger,Survivor,spotify:artist:26bcq2nyj5GB7uRr558iQg,Eye Of The Tiger,spotify:album:4PT9VulQaQP6XR1xBI2x1W
spotify:track:0J6mQxEZnlRt9ymzFntA6z,Livin' On A Prayer,Bon Jovi,spotify:artist:58lV9VcRSjABbAbfWS6skp,Slippery When Wet,spotify:album:5uU2uM1RGHfzlA12opjqol
spotify:track:3KYiA4vq6RPO1dE2XROXd8,You Give Love A Bad Name,Bon Jovi,spotify:artist:58lV9VcRSjABbAbfWS6skp,Slippery When Wet,spotify:album:5uU2uM1RGHfzlA12opjqol
spotify:track:4bPQs0PHn4xbipzdPfn6du,I Write Sins Not Tragedies,Panic! At The Disco,spotify:artist:20JZFwl6HVl6yg8a4H3ZqK,A Fever You Can't Sweat Out,spotify:album:2YeOhhJg3OWpN0F1VYPxtW
spotify:track:5ghIJDpPoe3CfHMGu71E6T,Smells Like Teen Spirit,Nirvana,spotify:artist:6olE6TJLqED3rqDCT0FyPh,Nevermind,spotify:album:2guirTSEqLizK7j9i1MTTZ
spotify:track:6i0V12jOa3mr6uu4WYhUBr,Heathens,Twenty One Pilots,spotify:artist:3YQKmKGau1PzlVlkL1iodx,Heathens,spotify:album:3J8W9AOjQhnBLCX33m3atT
spotify:track:3bnVBN67NBEzedqQuWrpP4,Tear In My Heart,Twenty One Pilots,spotify:artist:3YQKmKGau1PzlVlkL1iodx,Blurryface,spotify:album:3cQO7jp5S9qLBoIVtbkSM1
spotify:track:3asFGFY3uLjMDmML1p0tYm,Savior,Rise Against,spotify:artist:6Wr3hh341P84m3EI8qdn9O,Appeal To Reason,spotify:album:3smHEWBKoqDUFuJrV8BCg1
spotify:track:0R67ZmPPWTEX5jgM8dvia7,Raised On It,Sam Hunt,spotify:artist:2kucQ9jQwuD8jWdtR9Ef38,Montevallo,spotify:album:1M0vpI6KG4y0RwRuQ8SQxT
spotify:track:6eYYm2xwrvdav2yakF3cqg,Leave The Night On,Sam Hunt,spotify:artist:2kucQ9jQwuD8jWdtR9Ef38,Montevallo,spotify:album:1M0vpI6KG4y0RwRuQ8SQxT
spotify:track:2QVzUws1l5mzZ4v46tGHrC,Love You Like That,Canaan Smith,spotify:artist:0q2lY1ZzFckzciuoMtUvck,Bronco,spotify:album:40hl9x5G7YelVvXQGroLa2
spotify:track:4CJVkjo5WpmUAKp3R44LNb,Sweet Home Alabama,Lynyrd Skynyrd,spotify:artist:4MVyzYMgTwdP7Z49wAZHx0,Second Helping,spotify:album:5rtOJsiDDjA9V5306cyTRS
spotify:track:2j79NtwxoWDmkiH4MGwdLq,Lonely Eyes,Chris Young,spotify:artist:4BYxqVkZyFjtik7crYLg5Q,A.M.,spotify:album:3cyLH6iUGPjEsZIUFnJfd3
spotify:track:77dcKrzRUI02XjHd2okARp,A Country Boy Can Survive,"Hank Williams, Jr.",spotify:artist:2dyeCWctcFRt3Pha76ONgb,The Pressure Is On,spotify:album:3XMwXRh5zePz2iBOBZxXSo
spotify:track:5vCgOg9VqRaAUbnflCO6P3,Cop Car,Keith Urban,spotify:artist:0u2FHSq3ln94y5Q57xazwf,Fuse,spotify:album:6LJH0InZpmgymwZ3hpsUYD
spotify:track:69DR48pXzSabFUfQfDDJDb,Make Me Wanna,Thomas Rhett,spotify:artist:6x2LnllRG5uGarZMsD4iO8,It Goes Like This,spotify:album:2ZHYOFW5giX6a4n5eqTnUB
spotify:track:2WKLUgklz0VDX5bKTZ3eYD,Buy Me A Boat,Chris Janson,spotify:artist:60gmlHZmT16wiO9GiXKYK9,Buy Me A Boat,spotify:album:7BYmCd8JAOHpIiHIDJwDW0
spotify:track:59WN2psjkt1tyaxjspN8fp,Killing In The Name,Rage Against The Machine,spotify:artist:2d0hyoQ5ynDBnkvAbJKORj,Rage Against The Machine - XX (20th Anniversary Special Edition),spotify:album:4Io5vWtmV1rFj4yirKb4y4
spotify:track:1Ob94QesoxHSBrypyBbdfd,Shot Down,Khalid,spotify:artist:6LuN9FCkKOj5PcnpouEgny,American Teen,spotify:album:6kf46HbnYCZzP6rjvQHYzg
spotify:track:6TjP1C3sGQH1jBfzUXfcMg,Kamikaze,MØ,spotify:artist:0bdfiayQAKewqEvaU6rXCv,Kamikaze,spotify:album:6L3ecTkK0aKTUIV7x0l1lU
spotify:track:4OZEu0Vwq0RB2LAq14v99n,Middle,DJ Snake,spotify:artist:540vIaP2JwjQb9dm3aArA4,Encore,spotify:album:55bbXORm6ZrVq52zfZnxBf
spotify:track:6eT7xZZlB2mwyzJ2sUKG6w,White Iverson,Post Malone,spotify:artist:246dkjvS1zLTtiykXe5h60,Stoney,spotify:album:5s0rmjP8XOPhP6HhqOhuyC
spotify:track:40YcuQysJ0KlGQTeGUosTC,"Me, Myself & I",G-Eazy,spotify:artist:02kJSzxNuaWGqwubyUba0Z,When It's Dark Out,spotify:album:09Q3WwGYsQe5ognkvVkmCu
spotify:track:6cREm4bV7V79Yxdilx9HDo,Once In a While,Timeflies,spotify:artist:6dC0rIJNLSFZwqckLgXJ8p,Once In a While,spotify:album:7nsWIOWiX7Zt0AdR5imU50
spotify:track:46jLy47W8rkf8rEX04gMKB,Wherever I Go,OneRepublic,spotify:artist:5Pwc4xIPtQLFEnJriah9YJ,Oh My My,spotify:album:6p01JdkB7ry8iAf4IuC1Lv
spotify:track:1OAiWI2oPmglaOiv9fdioU,Hymn For The Weekend - Seeb Remix,Coldplay,spotify:artist:4gzpq5DPGxSnKTe4SA8HAU,A Head Full Of Dreams Tour Edition,spotify:album:5IDGBfcVjwMoGPKOsfyXLN
spotify:track:3RiPr603aXAoi4GHyXx0uy,Hymn For The Weekend,Coldplay,spotify:artist:4gzpq5DPGxSnKTe4SA8HAU,A Head Full Of Dreams,spotify:album:3cfAM8b8KqJRoIzt3zLKqw
spotify:track:1mXVgsBdtIVeCLJnSnmtdV,Too Good At Goodbyes,Sam Smith,spotify:artist:2wY79sveU1sp5g7SokKOiI,The Thrill Of It All,spotify:album:3TJz2UBNYJtlEly0sPeNrQ
spotify:track:0tV8pOpiNsKqUys0ilUcXz,Rise Up,Andra Day,spotify:artist:1c4rxrxy8eDLvMVL1DTiBe,Cheers To The Fall,spotify:album:6Blubl1glavmervPJa3QVs
spotify:track:5yuShbu70mtHXY0yLzCQLQ,Go Flex,Post Malone,spotify:artist:246dkjvS1zLTtiykXe5h60,Stoney,spotify:album:5s0rmjP8XOPhP6HhqOhuyC
spotify:track:7675gjlUZzneYiMrQ9Inx8,Mama Said,Lukas Graham,spotify:artist:25u4wHJWxCA9vO0CzxAbK7,Lukas Graham (Blue Album),spotify:album:6NQ2RNksdSKdtnlFOLJo24
spotify:track:6HViP4DVYa8gQtxLndmhwu,Aloha,Møme,spotify:artist:4lDXfIznmGueBgTjI3qGUX,Panorama,spotify:album:0HLgfzY2myeWL0PexR0s38
spotify:track:2Vhd5uZB4brKHmM0MNxkZo,Raging,Kygo,spotify:artist:23fqKkggKUBHNkbKtXEls4,Cloud Nine,spotify:album:0uMIzWh1uEpHEBell4rlF8
spotify:track:6DNtNfH8hXkqOX1sjqmI7p,Cold Water (feat. Justin Bieber & MØ),Major Lazer,spotify:artist:738wLrAtLtCtFOLvQBXOXp,Cold Water (feat. Justin Bieber & MØ),spotify:album:3o99825qhG7K7D07naRs4F
spotify:track:27K3ZDS5B4fwjhwyihrdzC,(What A) Wonderful World - Remastered,Sam Cooke,spotify:artist:6hnWRPzGGKiapVX1UCdEAC,The Wonderful World Of Sam Cooke,spotify:album:4y3NeFX7yaEzQfxy70NhZ3
spotify:track:0lmdsH1MIoLsMymnNpd6HU,Let Me Hold You (Turn Me On),Dante Klein,spotify:artist:1b4DN8Vj0dnj5cceMFsRYN,Let Me Hold You (Turn Me On),spotify:album:2vRv7sF64RBtZwynCJh4K2
spotify:track:0azC730Exh71aQlOt9Zj3y,This Is What You Came For,Calvin Harris,spotify:artist:7CajNmpbOovFoOoasH2HaY,This Is What You Came For,spotify:album:3pEgGUv379EDinvg1TN7Kt
spotify:track:3cNjgVBKTJ1SvKhunrCdVy,Please Don't Go,Joel Adams,spotify:artist:36jaGQtMj5UWD0eO1fCVdD,Please Don't Go,spotify:album:2SF8Wbc61u8hlQkZYGVCnx
spotify:track:2Z8WuEywRWYTKe1NybPQEW,Ride,Twenty One Pilots,spotify:artist:3YQKmKGau1PzlVlkL1iodx,Blurryface,spotify:album:3cQO7jp5S9qLBoIVtbkSM1
spotify:track:6JV2JOEocMgcZxYSZelKcc,"CAN'T STOP THE FEELING! (Original Song from DreamWorks Animation's ""TROLLS"")",Justin Timberlake,spotify:artist:31TPClRtHm23RisEBtV3X7,"CAN'T STOP THE FEELING! (Original Song from DreamWorks Animation's ""TROLLS"")",spotify:album:40LbnfieVTWtHrK24WQeEB
spotify:track:4qqArAiTPueDxIp7cf87h7,Final Song,MØ,spotify:artist:0bdfiayQAKewqEvaU6rXCv,Final Song,spotify:album:2gcqSlK5xTxcpuLZ1iik3Z
spotify:track:316r1KLN0bcmpr7TZcMCXT,The Sound,The 1975,spotify:artist:3mIj9lX2MWuHmhNCA7LSCW,"I like it when you sleep, for you are so beautiful yet so unaware of it",spotify:album:1JFmNyVPdBF1ECvv4fhpW4
spotify:track:2lFRw6rPXivo6kNmghePcK,Whole Heart,Gryffin,spotify:artist:2ZRQcIgzPCVaT9XKhXZIzh,Whole Heart,spotify:album:69kAUKBNwH15jx3qHDU2PG
spotify:track:4auZhbHhgbiSMeh0kiHCRk,Say My Name,ODESZA,spotify:artist:21mKp7DqtSNHhCAU2ugvUw,In Return,spotify:album:7eq7Um3f3NMlHuNQSpicsz
spotify:track:3iVAyrTlbWGBq0laeQ18z2,Walking On A Dream,Empire of the Sun,spotify:artist:67hb7towEyKvt5Z8Bx306c,Walking On A Dream,spotify:album:6cMiYjMZ7ltJC3OyljYJO6
spotify:track:4oDZ5L8izBals6jKBJDBcX,Your Love,The Outfield,spotify:artist:1zxDewzd2j1ZdSBGaYcr0y,Play Deep,spotify:album:2d5GU9ms5JCSS9GjsFebu8
spotify:track:34ceTg8ChN5HjrqiIYCn9Q,Miss Independent,Ne-Yo,spotify:artist:21E3waRsmPlU7jZsS13rcj,Year Of The Gentleman,spotify:album:6dTn9vJSxVTIGm4Cu5dH4x
spotify:track:2tUBqZG2AbRi7Q0BIrVrEj,I Wanna Dance with Somebody (Who Loves Me),Whitney Houston,spotify:artist:6XpaIBNiVzIetEPCWDvAFP,Whitney,spotify:album:5Vdzprr5cOqXQo44eHeV7t
spotify:track:5RsUlxLto4NZbhJpqJbHfN,Jessie's Girl,Rick Springfield,spotify:artist:6IFXsrXBpwbIqtOUOiAa3p,Working Class Dog,spotify:album:4KKFWTePKtgb6mOwFDqxYa
spotify:track:5zA8vzDGqPl2AzZkEYQGKh,Uptown Girl,Billy Joel,spotify:artist:6zFYqv1mOsgBRQbae3JJ9e,An Innocent Man,spotify:album:3R3x4zIabsvpD3yxqLaUpc
spotify:track:5TqBAOIBe0bQA0spNdcG3k,For Free,DJ Khaled,spotify:artist:0QHgL1lAIqAw0HtD7YldmP,Major Key,spotify:album:5qHyKDjwycRj1fJyPLt2HQ
spotify:track:1lWoanAmIk1PZisbP5LmwT,How To Love (feat. Sofia Reyes),Cash Cash,spotify:artist:1LOB7jTeEV14pHai6EXSzF,"Blood, Sweat & 3 Years",spotify:album:1TgJXcoFJ7BN0NiViN7wtx
spotify:track:4dASQiO1Eoo3RJvt74FtXB,"Sucker For Pain (with Wiz Khalifa, Imagine Dragons, Logic & Ty Dolla $ign feat. X Ambassadors)",Lil Wayne,spotify:artist:55Aa2cqylxrFIXC767Z865,Sucker For Pain (with Logic & Ty Dolla $ign feat. X Ambassadors),spotify:album:704GHNtZhEe9TBgleCNNGv
spotify:track:7yyRTcZmCiyzzJlNzGC9Ol,Broccoli (feat. Lil Yachty),DRAM,spotify:artist:5M0lbkGluOPXLeFjApw8r8,Big Baby DRAM,spotify:album:0NrZHZ0y5kTO8EHliuUUca
spotify:track:7vRriwrloYVaoAe3a9wJHe,"i hate u, i love u (feat. olivia o'brien)",gnash,spotify:artist:3iri9nBFs9e4wN7PLIetAw,us,spotify:album:3L0H4RjVXpEkwfDgi3XOdf
spotify:track:13HVjjWUZFaWilh2QUJKsP,Let It Go,James Bay,spotify:artist:4EzkuveR9pLvDVFNx6foYD,Chaos And The Calm,spotify:album:5BxvswQSGWrBbVCdx6mFGO
spotify:track:3Z3D2hnbZnveVhTuOifJyt,I See You,Luke Bryan,spotify:artist:0BvkDsjIUla7X0k6CSWh1I,Crash My Party,spotify:album:5M8gr5RV2eR6UkztC69ogB
spotify:track:2nRvKHh2mtOfIQ4jcAkP9q,Just a Kiss,Lady Antebellum,spotify:artist:32WkQRZEVKSzVAAYqukAEA,Own The Night,spotify:album:77qMEqlvpP3A9birVl9bjn
spotify:track:6y6jbcPG4Yn3Du4moXaenr,Idfc,blackbear,spotify:artist:2cFrymmkijnjDg9SS92EPM,Deadroses,spotify:album:1TkwzY3l4LqAfrQwBAx45Q
spotify:track:3UfCFlGruX0DRPCpD1V3pU,Work Song,Hozier,spotify:artist:2FXC3k01G6Gw61bmprjgqS,Hozier,spotify:album:36k5aXpxffjVGcNce12GLZ
spotify:track:03CLsFk6JSz301bKuukPSD,Retrograde,James Blake,spotify:artist:53KwLdlmrlCelAZMaLVZqU,Overgrown,spotify:album:12ExNn0hx85F8UNzoKCyCD
spotify:track:3Q3myFA7q4Op95DOpHplaY,do re mi,blackbear,spotify:artist:2cFrymmkijnjDg9SS92EPM,digital druglord,spotify:album:30QoUTsSdpQuZunPNFsLnm
spotify:track:39KG4kom3enSx4GTThuDGt,Coaster,Khalid,spotify:artist:6LuN9FCkKOj5PcnpouEgny,American Teen,spotify:album:6kf46HbnYCZzP6rjvQHYzg
spotify:track:4Q5yMlwAfAoitqg4r9oZHN,Quit (feat. Ariana Grande),Cashmere Cat,spotify:artist:2LZDXcxJWgsJfKXZv9a5eG,9,spotify:album:0JjoGwsBjce2mgHRliH0VN
spotify:track:64GRDrL1efgXclrhVCeuA0,Lay Me Down,Sam Smith,spotify:artist:2wY79sveU1sp5g7SokKOiI,In The Lonely Hour,spotify:album:0vrWqbRQEMKqhTGcDLQK7x
spotify:track:6RrXd9Hph4hYR4bf3dbM6H,My Girl,The Temptations,spotify:artist:3RwQ26hR2tJtA8F9p2n7jG,The Temptations Sing Smokey,spotify:album:5H2rffw6MNKGWVKBNWNA4S
spotify:track:60a0Rd6pjrkxjPbaKzXjfq,In The End,Linkin Park,spotify:artist:6XyY86QOPPrYVGvF9ch6wz,Hybrid Theory,spotify:album:6hPkbAV3ZXpGZBGUvL6jVM
spotify:track:6b2oQwSGFkzsMtQruIWm2p,Creep,Radiohead,spotify:artist:4Z8W4fKeB5YxbusRsdQVPb,Pablo Honey,spotify:album:6400dnyeDyD2mIFHfkwHXN
spotify:track:5nkYHBWXu7KCgcdwP6jcB1,What I Got,Sublime,spotify:artist:0EdvGhlC1FkGItLOWQzG4J,Sublime,spotify:album:4R3tXoorBpHji6Jdms8a4Q
spotify:track:4YPhn26bIFm2KUkL1VLzQG,Say It Ain't So,Weezer,spotify:artist:3jOstUTkEu2JkjvRdBA5Gu,Weezer,spotify:album:33CmI2lR8PnQwz6133Mc7l
spotify:track:2MLHyLy5z5l5YRp7momlgw,Island In The Sun,Weezer,spotify:artist:3jOstUTkEu2JkjvRdBA5Gu,Weezer (Green Album),spotify:album:2OBSz5Nlto0Q5CtYPzPY7c
spotify:track:6sDQ4uiWw9OdVrCXFLSlZt,Rap God,Eminem,spotify:artist:7dGJo4pcD2V6oG8kP0tJRR,The Marshall Mathers LP2,spotify:album:3qGeRY1wt4rrLIt1YuSwHR
spotify:track:6UaRii9AH6Zss9xNMEQ2M9,Love The Way You Lie,Eminem,spotify:artist:7dGJo4pcD2V6oG8kP0tJRR,Recovery,spotify:album:3PogVmhNucYNfyywZvTd7F
spotify:track:6yr8GiTHWvFfi4o6Q5ebdT,'Till I Collapse,Eminem,spotify:artist:7dGJo4pcD2V6oG8kP0tJRR,The Eminem Show,spotify:album:1ftvBBcu7jYIvXyt3JWB8S
spotify:track:4NYwy0R3NdvORX2B6OZXBT,Slow Motion,Trey Songz,spotify:artist:2iojnBLj0qIMiKPvVhLnsH,Trigga Reloaded,spotify:album:3pKTKC0AAe3yTcXQLzvpSW
spotify:track:5InOp6q2vvx0fShv3bzFLZ,Know Yourself,Drake,spotify:artist:3TVXtAsR1Inumwj472S9r4,If You're Reading This It's Too Late,spotify:album:0ptlfJfwGTy0Yvrk14JK1I
spotify:track:2DLsQuwxEdXt2yp54vw355,No Worries,Lil Wayne,spotify:artist:55Aa2cqylxrFIXC767Z865,I Am Not A Human Being II,spotify:album:4rhNBjL39LW5tuZgRShtnx
spotify:track:4hEl2wrneFEJbJ6SDYWd2f,Not Afraid,Eminem,spotify:artist:7dGJo4pcD2V6oG8kP0tJRR,Recovery,spotify:album:3PogVmhNucYNfyywZvTd7F
spotify:track:31Q9ZTF9x81BDonlObCbvP,Forever,Drake,spotify:artist:3TVXtAsR1Inumwj472S9r4,Relapse: Refill,spotify:album:6fwBNnSZc84IyW1mE8ZLsA
spotify:track:67awxiNHNyjMXhVgsHuIrs,Turn Down for What,DJ Snake,spotify:artist:540vIaP2JwjQb9dm3aArA4,Turn Down for What,spotify:album:3zo0Hxh9rjJsdw2JAKReE3
spotify:track:4SE4yewyGpOYfxfx59Yjc5,Cinderella Man,Eminem,spotify:artist:7dGJo4pcD2V6oG8kP0tJRR,Recovery,spotify:album:47BiFcV59TQi2s9SkBo2pb
spotify:track:561jH07mF1jHuk7KlaeF0s,Mockingbird,Eminem,spotify:artist:7dGJo4pcD2V6oG8kP0tJRR,Encore,spotify:album:1kTlYbs28MXw7hwO0NLYif
spotify:track:5DiXcVovI0FcY2s0icWWUu,Mr. Jones,Counting Crows,spotify:artist:0vEsuISMWAKNctLlUAhSZC,August And Everything After,spotify:album:4nKfZbCALT9H9LfedtDwnZ
spotify:track:1jdNcAD8Ir58RlsdGjJJdx,Ho Hey,The Lumineers,spotify:artist:16oZKvXb6WkQlVAjwo2Wbg,The Lumineers,spotify:album:5h7fx8ILwOZ3I5yQ4eGBl7
spotify:track:05wIrZSwuaVWhcv5FfqeH0,Walking On Sunshine,Katrina & The Waves,spotify:artist:2TzHIUhVpeeDxyJPpQfnV3,Katrina & The Waves,spotify:album:1UQG78YJjaBySRMh0A8Uw7
spotify:track:5ChkMS8OtdzJeqyybCc9R5,Billie Jean,Michael Jackson,spotify:artist:3fMbdgg4jU18AjLCKBhRSm,Thriller 25 Super Deluxe Edition,spotify:album:1C2h7mLntPSeVYciMRTF4a
spotify:track:7o2CTH4ctstm8TNelqjb51,Sweet Child O' Mine,Guns N' Roses,spotify:artist:3qm84nBOXUEQ2vnTfUTTFC,Appetite For Destruction,spotify:album:3I9Z1nDCL4E0cP62flcbI5
spotify:track:43btz2xjMKpcmjkuRsvxyg,Jack & Diane,John Mellencamp,spotify:artist:3lPQ2Fk5JOwGWAF3ORFCqH,American Fool,spotify:album:4gouGcdQn9OvjX42xnWrF0
spotify:track:40riOy7x9W7GXjyGp4pjAv,Hotel California - Remastered,Eagles,spotify:artist:0ECwFtbIWEVNwjlrfc6xoL,Hotel California (Remastered),spotify:album:2widuo17g5CEC66IbzveRu
spotify:track:5dNfHmqgr128gMY2tc5CeJ,Ignition - Remix,R. Kelly,spotify:artist:2mxe0TnaNL039ysAj51xPQ,Chocolate Factory,spotify:album:35Ea7OWXZPZB1vAPiaEGOM
spotify:track:2hKdd3qO7cWr2Jo0Bcs0MA,Drops of Jupiter,Train,spotify:artist:3FUY2gzHeIiaesXtOAdB7A,Drops Of Jupiter,spotify:album:6j6Zgm7vzAZegr48UppFVT
spotify:track:1Slwb6dOYkBlWal1PGtnNg,Thinking Out Loud,Ed Sheeran,spotify:artist:6eUKZXaKkcviH0Ku9w2n3V,x,spotify:album:6NoBzYmh5gUusGPCfg0pct
spotify:track:6yIHGmQLJxWAUZ1ZkENemN,Can't Help Falling in Love,Haley Reinhart,spotify:artist:5cKlE8f6b26h61Ml7m052Q,Better,spotify:album:2jg7PvepCK9V7MyWM7pvzr
spotify:track:5fX2oPyLCe5mBKqGDbOWqC,When You Love Someone,James TW,spotify:artist:0B3N0ZINFWvizfa8bKiz4v,First Impressions,spotify:album:6ZPn3tnyLZAbgLFy3GSkqT
spotify:track:7xHWNBFm6ObGEQPaUxHuKO,The Greatest,Sia,spotify:artist:5WUlDfRSoLAfcVSX1WnrxN,This Is Acting (Deluxe Version),spotify:album:2eV6DIPDnGl1idcjww6xyX
spotify:track:6PCUP3dWmTjcTtXY02oFdT,Castle on the Hill,Ed Sheeran,spotify:artist:6eUKZXaKkcviH0Ku9w2n3V,÷,spotify:album:3T4tUhGYeRNVUGevb0wThu
spotify:track:5IMtdHjJ1OtkxbGe4zfUxQ,Escape (The Pina Colada Song),Rupert Holmes,spotify:artist:0TqIPD4IS1w4e30R38B3vj,Partners In Crime,spotify:album:163iYwl7Kdm9ayTnD4VyfN
spotify:track:45yEy5WJywhJ3sDI28ajTm,Here Comes The Sun - Remastered,The Beatles,spotify:artist:3WrFJ7ztbogyGnTHbHJFl2,Abbey Road,spotify:album:2Pqkn9Dq2DFtdfkKAeqgMd
spotify:track:5lXcSvHRVjQJ3LB2rLKQog,Superstition - Single Version,Stevie Wonder,spotify:artist:7guDJrEfX3qb6FEbdPA5qi,Song Review: A Greatest Hits Collection,spotify:album:0g6DaZtBNmIAiTJGW4n4SR
spotify:track:2SiXAy7TuUkycRVbbWDEpo,You Shook Me All Night Long,AC/DC,spotify:artist:711MCceyCBcFnzjGY4Q7Un,Back In Black,spotify:album:6mUdeDZCsExyJLMdAfDuwh
spotify:track:2ouURa1AIXp3AvkS52Jry5,Every Morning,Sugar Ray,spotify:artist:4uN3DsfENc7dp0OLO0FEIb,14:59,spotify:album:43NNW7iDuAE8pIouzvwWWi
spotify:track:1C0pmryC2MdXfa7MZ9uIrU,One Week,Barenaked Ladies,spotify:artist:0dEvJpkqhrcn64d3oI8v79,Stunt,spotify:album:4FsibLgkGMV9AfbLtEqvxT
spotify:track:50xwQXPtfNZFKFeZ0XePWc,Yellow Submarine - Remastered,The Beatles,spotify:artist:3WrFJ7ztbogyGnTHbHJFl2,Revolver,spotify:album:3PRoXYsngSwjEQWR5PsHWR
spotify:track:7vFv0yFGMJW3qVXbAd9BK9,Your Body Is a Wonderland,John Mayer,spotify:artist:0hEurMDQu99nJRq8pTxO14,Room For Squares,spotify:album:3yHOaiXecTJVUdn7mApZ48
spotify:track:0GO8y8jQk1PkHzS31d699N,Tongue Tied,Grouplove,spotify:artist:3kVUvbeRdcrqQ3oHk5hPdx,Never Trust A Happy Song,spotify:album:3oylWMc9TTC6Nx4I6U3axc
spotify:track:027h5P3kCyktHv9dpHUBBS,Why Don't You Get A Job,The Offspring,spotify:artist:5LfGQac0EIXyAN8aUwmNAQ,Americana,spotify:album:5Jf9wK4k3A1rdH8YSBQg0J
spotify:track:1jyddn36UN4tVsJGtaJfem,You Are the Best Thing,Ray LaMontagne,spotify:artist:6DoH7ywD5BcQvjloe9OcIj,Gossip In The Grain,spotify:album:2CbLBSlkvh2vR4JRLDRQso
spotify:track:7cpCU3Denug5NGZsSpQl8v,XO,John Mayer,spotify:artist:0hEurMDQu99nJRq8pTxO14,XO,spotify:album:305TANxsPTFkiqS4cEilx1
spotify:track:34Jeq8ktRzyOW1uw40InVy,Uma Thurman,Fall Out Boy,spotify:artist:4UXqAaa6dQYAk18Lv7PEgX,American Beauty/American Psycho,spotify:album:0dAvbhVYW3bGnLldQ8Nvwn
spotify:track:3d9DChrdc6BOeFsbrZ3Is0,Under The Bridge,Red Hot Chili Peppers,spotify:artist:0L8ExT028jH3ddEcZwqJJ5,Blood Sugar Sex Magik,spotify:album:30Perjew8HyGkdSmqguYyg
spotify:track:7KdF7Zac5eC9jutk9Qret4,The Wire,HAIM,spotify:artist:4Ui2kfOqGujY81UcPrb5KE,Days Are Gone,spotify:album:7CzrzGbCwqT8Y43tvIUPBX
spotify:track:5VGlqQANWDKJFl0MBG3sg2,Use Somebody,Kings of Leon,spotify:artist:2qk9voo8llSGYcZ6xrBzKx,Only By The Night,spotify:album:5CZR6ljD0x9fTiS4mh9wMp
spotify:track:3xqF04FdMK7gpIPG3SPFpY,It's Time,Imagine Dragons,spotify:artist:53XhwfbYqKCa1cC15pYq2q,Night Visions,spotify:album:1vAEF8F0HoRFGiYOEeJXHW
spotify:track:1yJZwBqTyGTB7mz8nZyiel,Barcelona,George Ezra,spotify:artist:2ysnwxxNtSgbb9t1m2Ur4j,Wanted On Voyage,spotify:album:5tF2lAa2rh2kU2xIiBzWia
spotify:track:2Fk0WwAqTBesLtKg97nojy,Crash And Burn,Thomas Rhett,spotify:artist:6x2LnllRG5uGarZMsD4iO8,Tangled Up,spotify:album:4ykbJPI8MPscFzROE8dqLy
spotify:track:79cuOz3SPQTuFrp8WgftAu,There's Nothing Holdin' Me Back,Shawn Mendes,spotify:artist:7n2wHs1TKAczGzO7Dd2rGr,Illuminate,spotify:album:5yYFrOnqG8cEciKnsxHz2r
spotify:track:1OOtq8tRnDM8kG2gqUPjAj,Beat It - Single Version,Michael Jackson,spotify:artist:3fMbdgg4jU18AjLCKBhRSm,Thriller 25 Super Deluxe Edition,spotify:album:1C2h7mLntPSeVYciMRTF4a
spotify:track:2zvot9pY2FNl1E94kc4K8M,Rocket Man (I Think It's Going To Be A Long Long Time),Elton John,spotify:artist:3PhoLpVuITZKcymswpck5b,Honky Chateau,spotify:album:46g6b33tbttcPtzbwzBoG6
spotify:track:2toY6JyyfKy9TwNk3Ou2XG,She's So Mean,Matchbox Twenty,spotify:artist:3Ngh2zDBRPEriyxQDAMKd1,North,spotify:album:3JdxPzUYUcVeRgfdOGXZLC
spotify:track:75JFxkI2RXiU7L9VXzMkle,The Scientist,Coldplay,spotify:artist:4gzpq5DPGxSnKTe4SA8HAU,A Rush Of Blood To The Head,spotify:album:0RHX9XECH8IVI3LNgWDpmQ
spotify:track:7LVHVU3tWfcxj5aiPFEW4Q,Fix You,Coldplay,spotify:artist:4gzpq5DPGxSnKTe4SA8HAU,X & Y,spotify:album:4E7bV0pzG0LciBSWTszra6
spotify:track:55GxhCTq6SY3tFTVh7z1nR,Dancing In The Moonlight,King Harvest,spotify:artist:5FHwr1FymaS5kutIEK6e2y,Dancing In The Moonlight,spotify:album:2gvwC6eFsQH5rlvrZyhs3s
spotify:track:0F0MA0ns8oXwGw66B2BSXm,Let's Dance - 1999 Remastered Version,David Bowie,spotify:artist:0oSGxfWSnnOXhD2fKuz2Gy,Let's Dance,spotify:album:37KYBt1Lzn4eJ4KoCFZcnR
spotify:track:62LJFaYihsdVrrkgUOJC05,Kiss,Prince,spotify:artist:5a2EaR3hamoenG9rDuVn8j,Parade - Music From The Motion Picture Under The Cherry Moon,spotify:album:54DjkEN3wdCQgfCTZ9WjdB
spotify:track:5MxNLUsfh7uzROypsoO5qe,Dream On,Aerosmith,spotify:artist:7Ey4PD4MYsKc5I2dolUwbH,Aerosmith,spotify:album:19lEZSnCCbVEkKchoPQWDZ
spotify:track:0c1gHntWjKD7QShC8s99sq,"I Don't Want to Miss a Thing - From the Touchstone film, ""Armageddon""",Aerosmith,spotify:artist:7Ey4PD4MYsKc5I2dolUwbH,I Don't Want To Miss A Thing,spotify:album:616UgaZTc454Gu0aXxVH3K
spotify:track:0Utg7sirTPqrs6Cx0FbriQ,Chillin' It,Cole Swindell,spotify:artist:1mfDfLsMxYcOOZkzBxvSVW,Cole Swindell,spotify:album:2mlPEYhK1KwDD45CCCWxaH
spotify:track:4kbj5MwxO1bq9wjT5g9HaA,Shut Up and Dance,WALK THE MOON,spotify:artist:6DIS6PRrLS3wbnZsf7vYic,TALKING IS HARD,spotify:album:3mNoFlD1wsoXfkljfFzExT
spotify:track:03fT3OHB9KyMtGMt2zwqCT,Play It Again,Luke Bryan,spotify:artist:0BvkDsjIUla7X0k6CSWh1I,Crash My Party,spotify:album:5M8gr5RV2eR6UkztC69ogB
spotify:track:2mjX9JRvEBmaav0Pn3xSCV,Downtown,Lady Antebellum,spotify:artist:32WkQRZEVKSzVAAYqukAEA,Golden,spotify:album:1tYJvi3YlS26yI7Wf8nlcx
spotify:track:0ikz6tENMONtK6qGkOrU3c,Wake Me up Before You Go-Go,Wham!,spotify:artist:5lpH0xAS4fVfLkACg9DAuM,Make It Big,spotify:album:02f3y3NTsddjdUMoNiBppI
spotify:track:1ivHxaGL5ld9VS1zsYc4YN,Cherry Wine - Live,Hozier,spotify:artist:2FXC3k01G6Gw61bmprjgqS,Hozier,spotify:album:36k5aXpxffjVGcNce12GLZ
spotify:track:6Sm2YzLtL8FcyTMONOkiFw,Feeling Myself,Nicki Minaj,spotify:artist:0hCNtLu0JehylgoiP8L4Gh,The Pinkprint,spotify:album:39WwaUn8HTVZpJJmAuIIHN
spotify:track:7wwifjNAb172PtDpKK3CoR,V. 3005,Childish Gambino,spotify:artist:73sIBHcqh3Z3NyqHKZ7FOL,because the internet,spotify:album:63McpWDS7P0dF06fqXQMCZ
spotify:track:1f2V8U1BiWaC9aJWmpOARe,By The Way,Red Hot Chili Peppers,spotify:artist:0L8ExT028jH3ddEcZwqJJ5,By The Way,spotify:album:6deiaArbeoqp1xPEGdEKp1
spotify:track:6I9VzXrHxO9rA9A5euc8Ak,Toxic,Britney Spears,spotify:artist:26dSoYclwsYLMAKD3tpOr4,In The Zone,spotify:album:0z7pVBGOD7HCIB7S8eLkLI
spotify:track:0yhPEz5KxlDwckGJaMlZqM,Centuries,Fall Out Boy,spotify:artist:4UXqAaa6dQYAk18Lv7PEgX,American Beauty/American Psycho,spotify:album:0dAvbhVYW3bGnLldQ8Nvwn
spotify:track:1qRA5BS78u3gME0loMl9AA,For What It's Worth,Buffalo Springfield,spotify:artist:3eskO5m0H4yiF64vRySBjr,Buffalo Springfield,spotify:album:3PkdGRruLnJ9zCtANiDrpB
spotify:track:3MdYFBIzPf7lSJnI8wi3Ka,Only Love,Ben Howard,spotify:artist:5schNIzWdI9gJ1QRK8SBnc,Every Kingdom,spotify:album:2MxcbOGFi99D9JACvj74AH
spotify:track:2M9ro2krNb7nr7HSprkEgo,Fast Car,Tracy Chapman,spotify:artist:7oPgCQqMMXEXrNau5vxYZP,Tracy Chapman,spotify:album:6hmmX5UP4rIvOpGSaPerV8
spotify:track:4LloVtxNZpeh7q7xdi1DQc,Free Fallin' - Live at the Nokia Theatre,John Mayer,spotify:artist:0hEurMDQu99nJRq8pTxO14,Where The Light Is: John Mayer Live In Los Angeles,spotify:album:4Dgxy95K9BWkDUvQPTaYBb
spotify:track:24NwBd5vZ2CK8VOQVnqdxr,Sweet Emotion,Aerosmith,spotify:artist:7Ey4PD4MYsKc5I2dolUwbH,Toys In The Attic,spotify:album:36IxIOGEBAXVozDSiVs09B
spotify:track:7pKfPomDEeI4TPT6EOYjn9,Imagine - 2010 - Remaster,John Lennon,spotify:artist:4x1nvY2FN8jxqAFA0DA02H,Imagine,spotify:album:0xzaemKucrJpYhyl7TltAk
spotify:track:2b9lp5A6CqSzwOrBfAFhof,Crazy Train - Remastered,Ozzy Osbourne,spotify:artist:6ZLTlhejhndI4Rh53vYhrY,Blizzard of Ozz (Expanded Edition),spotify:album:6aGfK3YpRxZ1rJfaNRckLH
spotify:track:3YBZIN3rekqsKxbJc9FZko,Paradise City,Guns N' Roses,spotify:artist:3qm84nBOXUEQ2vnTfUTTFC,Appetite For Destruction,spotify:album:3I9Z1nDCL4E0cP62flcbI5
spotify:track:7A5CReD6yWe0rrkJym34QI,Do I,Luke Bryan,spotify:artist:0BvkDsjIUla7X0k6CSWh1I,Doin' My Thing,spotify:album:13pqUKo7eRvMKFGpfCGyEF
spotify:track:0cV4xwUA4ue2deqq4CZFko,I Don't Want This Night to End,Luke Bryan,spotify:artist:0BvkDsjIUla7X0k6CSWh1I,Tailgates & Tanlines,spotify:album:4ybWq0AegFFAvHULAe7q0K
spotify:track:4PJXT82AZtlDW4Q71b43oz,Whatever She's Got,David Nail,spotify:artist:4DZGvSv2oMkBUnPz67E6z6,I'm A Fire,spotify:album:53ljIT3F5IV2YP0fVdlSGo
spotify:track:4rkBAkvRa0hBfqu9pOEtZf,Cowboy Take Me Away,Dixie Chicks,spotify:artist:25IG9fa7cbdmCIy3OnuH57,Fly/Wide Open Spaces,spotify:album:3KoyESHvwa5SjJYPjHxI54
spotify:track:3MFV4DgrAOXz6KURPQxRj9,Somewhere In My Car,Keith Urban,spotify:artist:0u2FHSq3ln94y5Q57xazwf,Somewhere In My Car,spotify:album:2WrjahkTYLrJe93TxCGIuM
spotify:track:5LPkLveErawyu1XDAGXHOj,One Hell Of An Amen,Brantley Gilbert,spotify:artist:5q8HGNo0BjLWaTAhRtbwxa,Just As I Am,spotify:album:2TRJMLAU1nVzGA7Zpvkl7L
spotify:track:2FviG1Ma0M0BSZbqaDvw0x,House Party,Sam Hunt,spotify:artist:2kucQ9jQwuD8jWdtR9Ef38,Montevallo,spotify:album:1M0vpI6KG4y0RwRuQ8SQxT
spotify:track:6aUhfNWYnMThF3TGtuYUUu,How Country Feels,Randy Houser,spotify:artist:56x8mYvS3cyDGAi8N2FxbB,How Country Feels,spotify:album:4BVzcXLDJ8pRtJttQiU3G6
spotify:track:7vWGeYZJUzBXKGPro05UXS,Take Your Time,Sam Hunt,spotify:artist:2kucQ9jQwuD8jWdtR9Ef38,Montevallo,spotify:album:1M0vpI6KG4y0RwRuQ8SQxT
spotify:track:4iLPK8QnOvqm0Azbsk2GDn,Don't It,Billy Currington,spotify:artist:1By9QBFnjZAoI83BZppHlt,Summer Forever,spotify:album:3OkqAak6KhIQExElXif7UW
spotify:track:2N3F1EQCpnIeDOA3rLSAfE,Break Up In A Small Town,Sam Hunt,spotify:artist:2kucQ9jQwuD8jWdtR9Ef38,Montevallo,spotify:album:1M0vpI6KG4y0RwRuQ8SQxT
spotify:track:5BbYPT6ehZf0hSv2su6JAl,Make You Miss Me,Sam Hunt,spotify:artist:2kucQ9jQwuD8jWdtR9Ef38,Montevallo,spotify:album:1M0vpI6KG4y0RwRuQ8SQxT
spotify:track:0i5el041vd6nxrGEU8QRxy,Cruise,Florida Georgia Line,spotify:artist:3b8QkneNDz4JHKKKlLgYZg,Here's To The Good Times,spotify:album:5MH765pytbQasmDxXArTah
spotify:track:7mldq42yDuxiUNn08nvzHO,Body Like A Back Road,Sam Hunt,spotify:artist:2kucQ9jQwuD8jWdtR9Ef38,Body Like A Back Road,spotify:album:2N7kidh1wA9EoLdf16QWrz
spotify:track:5xS9hkTGfxqXyxX6wWWTt4,Mary Jane's Last Dance,Tom Petty and the Heartbreakers,spotify:artist:4tX2TplrkIP4v05BNC903e,Greatest Hits,spotify:album:6E2lDnV61v2HJaNCjLgOIg
spotify:track:6fujklziTHa8uoM5OQSfIo,Black Beatles,Rae Sremmurd,spotify:artist:7iZtZyCzp3LItcw1wtPI3D,SremmLife 2,spotify:album:5v6iBhIlflzR9rEd1LAMbd
spotify:track:6Ep6BzIOB9tz3P4sWqiiAB,Radioactive,Imagine Dragons,spotify:artist:53XhwfbYqKCa1cC15pYq2q,Night Visions,spotify:album:1vAEF8F0HoRFGiYOEeJXHW
spotify:track:4sFbojhVXQv7dBC9PVCcRn,Sympathy For The Devil,The Rolling Stones,spotify:artist:22bE4uQ6baNwSHPVcDxLCe,Beggars Banquet,spotify:album:5WZFtmADuJUZPtt0NER0Qi
spotify:track:0vFOzaXqZHahrZp6enQwQb,Money,Pink Floyd,spotify:artist:0k17h0D3J5VfsdmQ1iZtE9,The Dark Side of the Moon,spotify:album:4LH4d3cOWNNsVw41Gqt2kv
spotify:track:7fSGbZLhWlAiCC3HDPAULu,(I Can't Get No) Satisfaction - Mono Version / Remastered 2002,The Rolling Stones,spotify:artist:22bE4uQ6baNwSHPVcDxLCe,Out Of Our Heads,spotify:album:24V2ghp7XhGZzWKjthHq4v
spotify:track:2zYzyRzz6pRmhPzyfMEC8s,Highway to Hell,AC/DC,spotify:artist:711MCceyCBcFnzjGY4Q7Un,Highway to Hell,spotify:album:10v912xgTZbjAtYfyKWJCS
spotify:track:6rdEEYHsLavlklAypD5cre,Runnin' Down A Dream,Tom Petty,spotify:artist:2UZMlIwnkgAEDBsw1Rejkn,Full Moon Fever,spotify:album:7ihweYjA1ck66NTB4bujGl
spotify:track:7BY005dacJkbO6EPiOh2wb,House Of The Rising Sun,The Animals,spotify:artist:3ICflSq6ZgYAIrm2CTkfVP,The Animals,spotify:album:0Xwkx2TLFwRcoK0OWQ0Msa
spotify:track:2KmEgiY8fQs0G6WNxtzQKr,Baba O'Riley,The Who,spotify:artist:67ea9eGLXYMsO2eYQRui3w,Who's Next,spotify:album:5tqJNAjU163MfKLIP6DtYu
spotify:track:0MKqeOVdZcUFGJvWpGCKbG,Come Together - Remastered,The Beatles,spotify:artist:3WrFJ7ztbogyGnTHbHJFl2,Abbey Road,spotify:album:2Pqkn9Dq2DFtdfkKAeqgMd
spotify:track:2BcvvHttiZRvguFM4hR398,Sunshine Of Your Love,Cream,spotify:artist:74oJ4qxwOZvX6oSsu1DGnw,Disraeli Gears,spotify:album:4SMNUQCyTvlO4vFEdXXG45
spotify:track:7fqhrLJzKHJ0RW32N0y2Gp,Spirit In The Sky,Norman Greenbaum,spotify:artist:7f8LNBVXN0h35veHrpxQFL,Spirit In The Sky,spotify:album:2gkQ6IAEhzCK1NUvEgdisT
spotify:track:0bVtevEgtDIeRjCJbK3Lmv,Welcome To The Jungle,Guns N' Roses,spotify:artist:3qm84nBOXUEQ2vnTfUTTFC,Appetite For Destruction,spotify:album:3I9Z1nDCL4E0cP62flcbI5
spotify:track:5X76oXHcR5uCXali0gOyX5,White Room,Cream,spotify:artist:74oJ4qxwOZvX6oSsu1DGnw,Wheels Of Fire,spotify:album:4M9csrFM1XVEpwMeYUBRmX
spotify:track:2aibwv5hGXSgw7Yru8IYTO,Snow (Hey Oh) - Hey Oh Album Version,Red Hot Chili Peppers,spotify:artist:0L8ExT028jH3ddEcZwqJJ5,Stadium Arcadium,spotify:album:7xl50xr9NDkd3i2kBbzsNZ
spotify:track:5U8hKxSaDXB8cVeLFQjvwx,The Monster,Eminem,spotify:artist:7dGJo4pcD2V6oG8kP0tJRR,The Marshall Mathers LP2,spotify:album:3qGeRY1wt4rrLIt1YuSwHR
spotify:track:3B7i9OKRRmIsSBHEbJz58Y,Grind With Me,Pretty Ricky,spotify:artist:6XwcepfAsPhrvwziGxhwju,Bluestars,spotify:album:5Kexjw3aLUrvDNAGrUMAmE
spotify:track:5IFCyWplye09HytIP80RCF,Too Close,Next,spotify:artist:2MGT7CYlixSPxAnnkhLpaA,Rated Next,spotify:album:3Pmonb2UZ9zckdh5S5ibVm
spotify:track:4Z92RMiyJpUrApZi3LtpJ6,Blackbird - Remastered,The Beatles,spotify:artist:3WrFJ7ztbogyGnTHbHJFl2,The Beatles,spotify:album:03Qh833fEdVT30Pfs93ea6
spotify:track:0Qw7qGuXlVBZLcfoQ17yZn,Old Pine,Ben Howard,spotify:artist:5schNIzWdI9gJ1QRK8SBnc,Every Kingdom,spotify:album:2MxcbOGFi99D9JACvj74AH
spotify:track:7MmG8p0F9N3C4AXdK6o6Eb,Outside,Calvin Harris,spotify:artist:7CajNmpbOovFoOoasH2HaY,Motion,spotify:album:48zisMeiXniWLzOQghbPqS
spotify:track:46lFttIf5hnUZMGvjK0Wxo,Runaway (U & I),Galantis,spotify:artist:4sTQVOfp9vEMCemLw50sbu,Pharmacy,spotify:album:4QcXq4vTVN7dFb7bZa9jG2
spotify:track:3OZVqx1YsqDDkxQ6TnmHtn,Ain't Worth The Whiskey,Cole Swindell,spotify:artist:1mfDfLsMxYcOOZkzBxvSVW,Cole Swindell,spotify:album:2mlPEYhK1KwDD45CCCWxaH
spotify:track:40dJCw4xU6Bd5ie9rfagNo,Everybody Wants To Rule The World,Tears For Fears,spotify:artist:4bthk9UfsYUYdcFyqxmSUU,Songs From The Big Chair,spotify:album:4yaypP8ytl2ghM2kiNSD8a
spotify:track:0v9Wz8o0BT8DU38R4ddjeH,No Problem (feat. Lil Wayne & 2 Chainz),Chance The Rapper,spotify:artist:1anyVhU62p31KFi8MEzkbf,Coloring Book,spotify:album:71QyofYesSsRMwFOTafnhB
spotify:track:0srwKuJPH8yBzzFUJMBQM2,Rack City,Tyga,spotify:artist:5LHRHt1k9lMyONurDHEdrp,Careless World: Rise Of The Last King,spotify:album:3KHamR7LZmFT0xqPA1Hyob
spotify:track:3G7XYAwtxtoGK7fAm4IlD9,Classic Man,Jidenna,spotify:artist:4TsHKU8l8Wq7n7OPVikirn,Classic Man,spotify:album:6WYHzLqNy9g3zNeqs9IwAA
spotify:track:6ToM0uwxtPKo9CMpbPGYvM,Break On Through (To The Other Side),The Doors,spotify:artist:22WZ7M8sxp5THdruNY3gXt,The Doors,spotify:album:1jWmEhn3ggaL6isoyLfwBn
spotify:track:62N2JSA0jHmSH7Va9t7hIf,Habits (Stay High) - Hippie Sabotage Remix,Tove Lo,spotify:artist:4NHQUGzhtTLFvgF5SZesLK,Queen Of The Clouds,spotify:album:47C7w4o1resDhr7jvYEpxE
spotify:track:5mPSyjLatqB00IkPqRlbTE,Pop Style,Drake,spotify:artist:3TVXtAsR1Inumwj472S9r4,Views,spotify:album:40GMAhriYJRO1rsY4YdrZb
spotify:track:2CwpR24w47Gusfmv42SKdF,Nobody To Love,Alex Newell,spotify:artist:2vGaSKEDFsVPBgcnGxqlBN,Nobody To Love,spotify:album:5ZB9CKDTOoN80AwYvwKOy0
spotify:track:6Ymvlzom4TQeoKqAWsZRD8,Somethin' 'Bout A Truck,Kip Moore,spotify:artist:2hJPr4lk7Q8SSvCVBl9fWM,Up All Night,spotify:album:191BU6Uvnf7oNTjO4n36Yu
spotify:track:6ZijsJ9Oh0xgOdY0O1xCWN,Dixieland Delight - Single Edit,Alabama,spotify:artist:6rJqqRce0Kvo2dJUXoHleC,The Essential Alabama 3.0,spotify:album:4UUE6qWrIn7L54UZxv0DDQ
spotify:track:1qxINnTuff87Pj1lvKbGxy,Ready Set Roll,Chase Rice,spotify:artist:6pBNfggcZZDCmb0p92OnGn,Ignite the Night,spotify:album:4LTFy1RLwpzADCbAOTQqVz
spotify:track:4whYDpJ5XVQpmvecbEHP5Q,Where It's At,Dustin Lynch,spotify:artist:1dID9zgn0OV0Y8ud7Mh2tS,Where It's At,spotify:album:4ZSQEnZOGWEW3XQOAzt477
spotify:track:0H9Q7Vzu8nYRDBZYKbtU8d,Sippin’ On Fire,Florida Georgia Line,spotify:artist:3b8QkneNDz4JHKKKlLgYZg,Anything Goes,spotify:album:5NG7WZaCZZ12M5LJm0JcVc
spotify:track:06aw4JI5nYa8XBeBKVrltZ,Berzerk,Eminem,spotify:artist:7dGJo4pcD2V6oG8kP0tJRR,The Marshall Mathers LP2,spotify:album:3qGeRY1wt4rrLIt1YuSwHR
spotify:track:7lQ8MOhq6IN2w8EYcFNSUk,Without Me,Eminem,spotify:artist:7dGJo4pcD2V6oG8kP0tJRR,The Eminem Show,spotify:album:2cWBwpqMsDJC1ZUwz813lo
spotify:track:6Z8R6UsFuGXGtiIxiD8ISb,Safe And Sound,Capital Cities,spotify:artist:4gwpcMTbLWtBUlOijbVpuu,In A Tidal Wave Of Mystery,spotify:album:3WrufJir7I61NkvkDwxero
spotify:track:3MOECVkNshqHYTPt5DZcdN,Five More Hours - Deorro x Chris Brown,Deorro,spotify:artist:6VD4UEUPvtsemqD3mmTqCR,Good Evening,spotify:album:1J6b7W1nSHH7BObK8zIoEY
spotify:track:4dGJf1SER1T6ooX46vwzRB,Chicken Fried,Zac Brown Band,spotify:artist:6yJCxee7QumYr820xdIsjo,The Foundation,spotify:album:0Im5nUhAuNDSYVjfPh7RyS
spotify:track:4gvea7UlDkAvsJBPZAd4oB,The Boys Of Summer,Don Henley,spotify:artist:5dbuFbrHa1SJlQhQX9OUJ2,Building The Perfect Beast,spotify:album:2x1s5aVQ01ylPs5nUdeA2i
spotify:track:1vvNmPOiUuyCbgWmtc6yfm,My Way,Calvin Harris,spotify:artist:7CajNmpbOovFoOoasH2HaY,My Way,spotify:album:0dzeoQhVNzKkwM5ieOJC54
spotify:track:7aV2mflaASUmGhCErm7kBO,The Mack,Nevada,spotify:artist:15NtJjjHRFybdNSMyM9smT,The Mack,spotify:album:7FDBvwfZD9ejQzzg0dyoac
spotify:track:7j56HrjR9cGzvekvZY3Faz,HandClap,Fitz and The Tantrums,spotify:artist:4AcHt3JxKy59IX7JNNlZn4,Fitz and The Tantrums,spotify:album:7HBKKw5pJLNj6mdRLb1KG3
spotify:track:6MDijuuArPJv1vbp7K1x3f,Genghis Khan,Miike Snow,spotify:artist:4l1cKWYW591xnwEGxpUg3J,iii,spotify:album:3pWJFrSX6apPzt4inM4zXt
spotify:track:2Fe6gDE0mCZz0g98i5QpVL,MY PYT,Wale,spotify:artist:67nwj3Y5sZQLl72VNUHEYE,SHINE,spotify:album:3X1Ljgkvf2cLwi8mMjhvKy
spotify:track:0B8B8cVRFIG1yznoQe7c9s,Setting Fires,The Chainsmokers,spotify:artist:69GGBxA162lTqCwzJG5jLp,Setting Fires,spotify:album:5BJeN4SVEKe204y2SiszOe
spotify:track:1QV6tiMFM6fSOKOGLMHYYg,Poker Face,Lady Gaga,spotify:artist:1HY2Jd0NmPuamShAr6KMms,The Fame,spotify:album:1qwlxZTNLe1jq3b0iidlue
spotify:track:1jNOi6m3Hn8nLEeHCp5Msr,Seven Nation Army,The White Stripes,spotify:artist:4F84IBURUo98rz4r61KF70,Elephant,spotify:album:4teFaDSeFHYXZjZJaZGrAO
spotify:track:1Cwsd5xI8CajJz795oy4XF,You Get What You Give,New Radicals,spotify:artist:0Grjlu7ncIuCaSYvCs9fcd,Maybe You've Been Brainwashed Too,spotify:album:13btXEnBerpA1UjIVtsMAR
spotify:track:0EQknhinIfbJ12hwMGjOY5,Walkin' On The Sun,Smash Mouth,spotify:artist:2iEvnFsWxR0Syqu2JNopAd,Fush Yu Mang,spotify:album:1qKYc6GDWKNj3wbQpD5hXt
spotify:track:3NLrRZoMF0Lx6zTlYqeIo4,Here Without You,3 Doors Down,spotify:artist:2RTUTCvo6onsAnheUk3aL9,Away From The Sun,spotify:album:72olNArm75vOycSziqIX9Y
spotify:track:4iCKHGl4ij4YMwFrUZLGEQ,Kill The Lights (with Nile Rodgers) - Audien Remix,Alex Newell,spotify:artist:2vGaSKEDFsVPBgcnGxqlBN,Kill The Lights (with Nile Rodgers),spotify:album:3H2mPBmypuqKI2nLeVhLER
spotify:track:2bNrvWD9d5Zn9tS8XvcaMk,I Could Be The One [Avicii vs Nicky Romero] - Nicktim / Radio Edit,Avicii,spotify:artist:1vCWHaC5f2uS3yhpwWbIA6,I Could Be The One [Avicii vs Nicky Romero],spotify:album:0z7Mr85v0hPSX0VOUxP51W
spotify:track:0L7loeTIg6akW84aEQZpCT,Light It Up (feat. Nyla & Fuse ODG) - Remix,Major Lazer,spotify:artist:738wLrAtLtCtFOLvQBXOXp,Peace Is The Mission: Extended,spotify:album:7jA06bCXArKGLr1V187s9b
spotify:track:1gcESexgftSuLuML57Y69q,All Right Now,Free,spotify:artist:2e53aHBQdCMKWqHDuyJsjC,Fire And Water,spotify:album:1ydlm89JR8cV8VuSaNvHNL
spotify:track:7gXdAqJLCa5aYUeLVxosOz,Knockin' On Heaven's Door,Guns N' Roses,spotify:artist:3qm84nBOXUEQ2vnTfUTTFC,Use Your Illusion II,spotify:album:5NL0MCTSbQtO13G62ofWAf
spotify:track:00qOE7OjRl0BpYiCiweZB2,Juke Box Hero,Foreigner,spotify:artist:6IRouO5mvvfcyxtPDKMYFN,4 [Expanded],spotify:album:2Pw51hAGvWpTA3AYl2WVuu
spotify:track:6I6NX6tjGsxFAsIfGzY9lJ,Deja Vu,J. Cole,spotify:artist:6l3HvQ5sa6mXTsMTB19rO5,4 Your Eyez Only,spotify:album:3CCnGldVQ90c26aFATC1PW
spotify:track:07pJdL0L9XDGW0HBj0rIS2,Skateboard P (feat. Big Sean),MadeinTYO,spotify:artist:5SyGEPymt1G2uto47tVWvZ,Skateboard P (feat. Big Sean),spotify:album:6uFEjCm2whxWTQdFQ81wNQ
spotify:track:7L9g4cPfohScjJ8mGwLQWr,TEMPTATION,Joey Bada$$,spotify:artist:2P5sC9cVZDToPxyomzF1UH,ALL-AMERIKKKAN BADA$$,spotify:album:6swV0WUnPygRIMgEKn6Ige
spotify:track:7m9OqQk4RVRkw9JJdeAw96,Jocelyn Flores,XXXTENTACION,spotify:artist:15UsOTVnJzReFVN1VCnxy4,17,spotify:album:5VdyJkLe3yvOs0l4xXbWp0
spotify:track:1eQBEelI2NCy7AUTerX0KS,Ultralight Beam,Kanye West,spotify:artist:5K4W6rqBFWDnAN6FQUkS6x,The Life Of Pablo,spotify:album:7gsWAHLeT0w7es6FofOXk1
spotify:track:4kqxy0SvQ2N34nOJ9ggfMu,"Yeah, I Said It",Rihanna,spotify:artist:5pKCCKE2ajJHZ9KAiaK11H,ANTI,spotify:album:3Q149ZH46Z0f3oDR7vlDYV
spotify:track:7JXZq0JgG2zTrSOAgY8VMC,Jungle,Drake,spotify:artist:3TVXtAsR1Inumwj472S9r4,If You're Reading This It's Too Late,spotify:album:0ptlfJfwGTy0Yvrk14JK1I
spotify:track:7DFnq8FYhHMCylykf6ZCxA,Yo (Excuse Me Miss),Chris Brown,spotify:artist:7bXgB6jMjp9ATFy66eO08Z,Chris Brown,spotify:album:49gaz5rhWWgqCw61M9700v
spotify:track:57yL3161hUMuw06zzzUCHi,Doubt,Twenty One Pilots,spotify:artist:3YQKmKGau1PzlVlkL1iodx,Blurryface,spotify:album:3cQO7jp5S9qLBoIVtbkSM1
spotify:track:3SktMqZmo3M9zbB7oKMIF7,Gravity,John Mayer,spotify:artist:0hEurMDQu99nJRq8pTxO14,Continuum,spotify:album:1Xsprdt1q9rOzTic7b9zYM
spotify:track:2kWowW0k4oFymhkr7LmvzO,Come with Me Now,KONGOS,spotify:artist:58R5LHkK3vkmEyGUPOR5kS,Lunatic,spotify:album:71C65HI7THrlkpHHa24YJX
spotify:track:3C3cr2JQwXIhqAHqOardVO,Holding On To You,Twenty One Pilots,spotify:artist:3YQKmKGau1PzlVlkL1iodx,Vessel,spotify:album:2r2r78NE05YjyHyVbVgqFn
spotify:track:0Puj4YlTm6xNzDDADXHMI9,Sabotage,Beastie Boys,spotify:artist:03r4iKL2g2442PT9n2UKsx,Ill Communication,spotify:album:6lfjbwFGzQ6aSNP1N3JlT8
spotify:track:1s9xuJxhYM0LdVqksjegcg,Fairly Local,Twenty One Pilots,spotify:artist:3YQKmKGau1PzlVlkL1iodx,Blurryface,spotify:album:3cQO7jp5S9qLBoIVtbkSM1
spotify:track:0QQIhT6PtJ5glyn4HKNKQ6,All The Pretty Girls,Kaleo,spotify:artist:7jdFEYD2LTYjfwxOdlVjmc,A/B,spotify:album:4he4SQup02hEIQdwhZlZlk
spotify:track:2HJQcyUpmUuvzS5vBAICIc,Working For It - Bonus Track,ZHU,spotify:artist:28j8lBWDdDSHSSt5oPlsX2,GENERATIONWHY,spotify:album:6Xhb46t8f3z8FkuXQAj4UV
spotify:track:5voKHxbIqgBU7fZMX8Lu0T,Superman,Eminem,spotify:artist:7dGJo4pcD2V6oG8kP0tJRR,The Eminem Show,spotify:album:1ftvBBcu7jYIvXyt3JWB8S
spotify:track:3ZMv9EzGoteNi5Qnx0KpEO,Skinny Love,Bon Iver,spotify:artist:4LEiUm1SRbFMgfqnQTwUbQ,"For Emma, Forever Ago",spotify:album:10HuTnFqkhym6gXmIDxBsm
spotify:track:5OFcjrC1OiRSBylQgF5HDD,Slow It Down,The Lumineers,spotify:artist:16oZKvXb6WkQlVAjwo2Wbg,The Lumineers,spotify:album:0nRgsLe1she16l3pclpyy7
spotify:track:4WiiRw2PHMNQE0ad6y6GdD,Chocolate,The 1975,spotify:artist:3mIj9lX2MWuHmhNCA7LSCW,The 1975,spotify:album:6Z1zv6Hw9bdvSoxI5uYk2h
spotify:track:7L59vVTpoS94JU3KEeolqt,Take Me Home (feat. Bebe Rexha),Cash Cash,spotify:artist:1LOB7jTeEV14pHai6EXSzF,"Blood, Sweat & 3 Years",spotify:album:0KQDN58Lz8CXOsfIG6tQ7X
spotify:track:5GUYJTQap5F3RDQiCOJhrS,Self Control,Frank Ocean,spotify:artist:2h93pZq0e7k5yf4dywlkpM,Blonde,spotify:album:3mH6qwIy9crq0I9YQbOuDf
spotify:track:3cjF2OFRmip8spwZYQRKxP,Feel No Ways,Drake,spotify:artist:3TVXtAsR1Inumwj472S9r4,Views,spotify:album:40GMAhriYJRO1rsY4YdrZb
spotify:track:0WyFpxYlBCgH1gMXd26OOr,Flatliner (feat. Dierks Bentley),Cole Swindell,spotify:artist:1mfDfLsMxYcOOZkzBxvSVW,You Should Be Here,spotify:album:7EZEhfO3ULNRHwX2jaiGei
spotify:track:09iyGiljLWRYXdRazFkdtJ,I Could Use a Love Song,Maren Morris,spotify:artist:6WY7D3jk8zTrHtmkqqo5GI,HERO (Deluxe Edition),spotify:album:4sSXylKcBB3p47VfrBJlfK
spotify:track:0zO8ctW0UiuOefR87OeJOZ,Collard Greens,ScHoolboy Q,spotify:artist:5IcR3N7QB1j6KBL8eImZ8m,Oxymoron,spotify:album:7Et3bSTLLqdABO1qCxUplS
spotify:track:7FJP35tUJ2121EJsFpU1Gh,Beautiful Now,Zedd,spotify:artist:2qxJFvFYMEDqd7ui6kSAcq,True Colors,spotify:album:453l82SGKWDAlOpKkUSX1u
spotify:track:6nsLzJfvp5OLd4mgqUJkpq,Waiting For Love,Avicii,spotify:artist:1vCWHaC5f2uS3yhpwWbIA6,Stories,spotify:album:5ttIIMPWCp2bvwsdAPcEXC
spotify:track:4prEPl61C8qZpeo3IkYSMl,Sleepyhead,Passion Pit,spotify:artist:7gjAu1qr5C2grXeQFFOGeh,Manners,spotify:album:6H51jH1SuzV6ca1VxW2Tmv
spotify:track:2H8LPaY3NSjmOFMH2Rygnz,Running Out,Matoma,spotify:artist:4YXycRbyyAE0wozTk7QMEq,Running Out,spotify:album:5vYA5O6P4ESBwV1gN1orpi
spotify:track:6M6Tk58pQvABy6ru66dY3d,No Money,Galantis,spotify:artist:4sTQVOfp9vEMCemLw50sbu,The Aviary,spotify:album:7DNmxxEuJe19wNVrinaXx4
spotify:track:2k9N4caeCIJLOWwWwssrEM,Easily,Bruno Major,spotify:artist:0hDjKSKjl1DC7ovYTDJHe8,A Song For Every Moon,spotify:album:5UFBJXQtytWA9vfaO2DxLx
spotify:track:7GPstnufSTScEaw9dMxO9H,Childs Play (feat. Chance the Rapper),SZA,spotify:artist:7tYKF4w9nC0nq9CsPZTHyP,Z,spotify:album:2qCyMMQ785sPH4Yx25GQZ8
spotify:track:6F609ICg9Spjrw1epsAnpa,Controlla,Drake,spotify:artist:3TVXtAsR1Inumwj472S9r4,Views,spotify:album:3hARKC8cinq3mZLLAEaBh9
spotify:track:22OqansuvEMQu9W0EfiGTI,We Don't Believe What's On TV,Twenty One Pilots,spotify:artist:3YQKmKGau1PzlVlkL1iodx,Blurryface,spotify:album:3cQO7jp5S9qLBoIVtbkSM1
spotify:track:1lguQJjlNrIOoOylYVZN3M,The Judge,Twenty One Pilots,spotify:artist:3YQKmKGau1PzlVlkL1iodx,Blurryface,spotify:album:3cQO7jp5S9qLBoIVtbkSM1
spotify:track:1j8z4TTjJ1YOdoFEDwJTQa,Ain't It Fun,Paramore,spotify:artist:74XFHRwlV6OrjEM0A2NCMF,Paramore,spotify:album:4sgYpkIASM1jVlNC8Wp9oF
spotify:track:4gbVRS8gloEluzf0GzDOFc,Maps,Maroon 5,spotify:artist:04gDigrS5kc9YWfZHwBETP,V,spotify:album:2Auw0pTT6EcQdvHNimhLQI
spotify:track:3WKg25vrbjJlkhsgl2W4p3,Bright,Echosmith,spotify:artist:1PbBg2aYjWLKRk84zJK15x,Talking Dreams,spotify:album:1oHY6eQmEG8skElDvFgKz2
spotify:track:05nbZ1xxVNwUTcGwLbp7CN,Myself,NAV,spotify:artist:7rkW85dBwwrJtlHRDkJDAC,NAV,spotify:album:4JR29CNW14Zc4Z5vflxkoJ
spotify:track:0lwkTJnLBVWvEnxtku7Msy,Alright,Logic,spotify:artist:4xRYI6VqpkE3UwrDrAZL8L,Under Pressure,spotify:album:1Mk7Lei0Ra3hawezqmad5V
spotify:track:5uLb01OcHVl8ayyWotfx31,Drunk Texting,Chris Brown,spotify:artist:7bXgB6jMjp9ATFy66eO08Z,X (Deluxe Version),spotify:album:4yOWnTrCkOOpl4IiVnpj3H
spotify:track:2R7858bg0GHuBBxjTyOL7N,Careless Whisper,George Michael,spotify:artist:19ra5tSw0tWufvUp8GotLo,The Final,spotify:album:6ZJD7uT643TvniNyAk90bd
spotify:track:2c8sgbZoEanC3QyFNZxUcA,Flexicution,Logic,spotify:artist:4xRYI6VqpkE3UwrDrAZL8L,Bobby Tarantino,spotify:album:0WMr3ulx5Mzi1B3C8LsHVA
spotify:track:4Sfa7hdVkqlM8UW5LsSY3F,Take a Walk,Passion Pit,spotify:artist:7gjAu1qr5C2grXeQFFOGeh,Gossamer,spotify:album:14JU5SskmcyckE5I8PY6lv
spotify:track:6YUTL4dYpB9xZO5qExPf05,Summer,Calvin Harris,spotify:artist:7CajNmpbOovFoOoasH2HaY,Motion,spotify:album:48zisMeiXniWLzOQghbPqS
spotify:track:4MJlgdrGLaayCTPtdn0kII,Do What U Want,Lady Gaga,spotify:artist:1HY2Jd0NmPuamShAr6KMms,ARTPOP,spotify:album:535qZk6ycJqQaa5qFPmq3k
spotify:track:5xdVqHtFS0eLuNp4Z8Wbpa,Good For You,Selena Gomez,spotify:artist:0C8ZW7ezQVs4URX5aX7Kqx,Revival,spotify:album:3Kbuu2tHsIbplFUkB7a5oE
spotify:track:1rIKgCH4H52lrvDcz50hS8,Lush Life,Zara Larsson,spotify:artist:1Xylc3o4UrD53lo9CvFvVg,So Good,spotify:album:5YLRVHDVRw3QqWbeTGpC5B
spotify:track:1JqVM7aB2AwafhGHRABPAA,Smoke,A Thousand Horses,spotify:artist:55RI2GNCfyXr0f14uIdhwd,Southernality,spotify:album:29mMmTIxYkA3uRKUJwM9lB
spotify:track:78DwRIo6Vj6wqteyerGetr,The Heart of Life,John Mayer,spotify:artist:0hEurMDQu99nJRq8pTxO14,Continuum,spotify:album:1Xsprdt1q9rOzTic7b9zYM
spotify:track:6wZI4mdT8JwXgkGURnBQiq,Say,John Mayer,spotify:artist:0hEurMDQu99nJRq8pTxO14,Say,spotify:album:1BCSXIQn5NuqM19MjZuOQY
spotify:track:4gs07VlJST4bdxGbBsXVue,Heartbreak Warfare,John Mayer,spotify:artist:0hEurMDQu99nJRq8pTxO14,Battle Studies,spotify:album:1V5vQRMWTNGmqwxY8jMVou
spotify:track:38YgZVHPWOWsKrsCXz6JyP,Come On Get Higher,Matt Nathanson,spotify:artist:4NGiEU3Pkd8ASRyQR30jcA,Some Mad Hope,spotify:album:45A2E1YR00sPSwxJw5d3qu
spotify:track:5gBQ3x6u7DCvMW1QoP3CpG,100 Years,Five For Fighting,spotify:artist:7FgMLbnZVrEnir95O0YujA,Playlist: The Very Best Of Five For Fighting,spotify:album:1QBU2iq38q3Y8PWlBhRFzk
spotify:track:4L2K7JKseFCBoHMZEAszW0,Jealous,Labrinth,spotify:artist:2feDdbD5araYcm6JhFHHw7,Jealous,spotify:album:2JgVVnno2fzdmV1BqwdQBi
spotify:track:2aIB1CdRRG7YLBu9hNw9nR,The Beautiful People,Marilyn Manson,spotify:artist:2VYQTNDsvvKN9wmU5W7xpj,Antichrist Superstar,spotify:album:7APnZJwayR3lH9aUDPDYQB
spotify:track:2mqDi8BzmNw54qrVHduyiu,Dessert - Remix,Dawin,spotify:artist:46GXASE9LHzyssNqKOInUu,Dessert,spotify:album:0o4z4FBdj8ydhzcKyy62os
spotify:track:03LpkqucyYKcYclDs8HuxO,"John Cougar, John Deere, John 3:16",Keith Urban,spotify:artist:0u2FHSq3ln94y5Q57xazwf,Ripcord,spotify:album:1r7ABqzNXQnUPAH3ZjrHMn
spotify:track:7jTKLKs3NDmDnJHan5M2A0,Down Under,Men At Work,spotify:artist:0f3EsoviYnRKTkmayI3cux,Super Hits,spotify:album:03RdxRparvZ2qgWFf1vGeD
spotify:track:1jQsKN68yE94tMYml0wHMd,Jump Out The Window,Big Sean,spotify:artist:0c173mlxpT3dSFRgMO8XPh,I Decided.,spotify:album:0XAIjjN5qxViVS0Y5fYkar
spotify:track:2LBqCSwhJGcFQeTHMVGwy3,Die For You,The Weeknd,spotify:artist:1Xyo4u8uXC1ZmMpatF05PJ,Starboy,spotify:album:4AdZV63ycxFLF6Hcol0QnB
spotify:track:33LSgUa20mKNgeut1XwP2E,Lettin' The Night Roll,Justin Moore,spotify:artist:30e8DmahrEamvLbFRPdWmk,Off The Beaten Path,spotify:album:7uCnHbfLZEdH1733LZ2i2F
spotify:track:3skn2lauGk7Dx6bVIt5DVj,Starlight,Muse,spotify:artist:12Chz98pHFMPJEknJQMWvI,Black Holes And Revelations,spotify:album:0lw68yx3MhKflWFqCsGkIs
spotify:track:4VqPOruhp5EdPBeR92t6lQ,Uprising,Muse,spotify:artist:12Chz98pHFMPJEknJQMWvI,The Resistance,spotify:album:0eFHYz8NmK75zSplL5qlfM
spotify:track:7fURZRPkB2S70sYR1naKTK,Black Hole Sun,Soundgarden,spotify:artist:5xUf6j4upBrXZPg6AI4MRK,Superunknown,spotify:album:1xHWwGSoF1DNE4hqgBRkJX
spotify:track:0v1XpBHnsbkCn7iJ9Ucr1l,It's My Life,Bon Jovi,spotify:artist:58lV9VcRSjABbAbfWS6skp,Crush,spotify:album:0Q9SljCrM0CL0bR23MuP69
spotify:track:6pyzBTIjcO2AMkKE6x2Otb,Stayin' Alive,Bee Gees,spotify:artist:1LZEQNv7sE11VDY3SdxQeN,Greatest,spotify:album:684Fi6YqIP9xU9JeboAgVM
spotify:track:2Bs4jQEGMycglOfWPBqrVG,Steal My Girl,One Direction,spotify:artist:4AK6F7OLvEQ5QYCBNiQWHq,FOUR,spotify:album:4gCNyS7pidfK3rKWhB3JOY
spotify:track:1bECKhfBNzods0soMPXwdQ,Flightless Bird/American Mouth,Iron & Wine,spotify:artist:4M5nCE77Qaxayuhp3fVn4V,The Shepherd's Dog,spotify:album:5525Fe7wFEeJesNqPfNP8C
spotify:track:3bN4tg6rnNPy9GCkGhym4T,Message In A Bottle - Remastered 2003,The Police,spotify:artist:5NGO30tJxFlKixkPSgXcFE,Reggatta De Blanc,spotify:album:4dB2uBf7IEazBMreDVZmB2
spotify:track:3xMSaDC9TU6AQJIsxQB7MK,All You Need Is Love - Remastered 2009,The Beatles,spotify:artist:3WrFJ7ztbogyGnTHbHJFl2,Magical Mystery Tour,spotify:album:6P9yO0ukhOx3dvmhGKeYoC
spotify:track:0nRuVPZx2iA3KWR4xSzryl,TALK ME DOWN,Troye Sivan,spotify:artist:3WGpXCj9YhhfX11TToZcXP,Blue Neighbourhood,spotify:album:5ouTDazE4LF9bVJPx1nlgW
spotify:track:0tjfognbowyFM3RHTdxjPK,FOOLS,Troye Sivan,spotify:artist:3WGpXCj9YhhfX11TToZcXP,Blue Neighbourhood,spotify:album:5ouTDazE4LF9bVJPx1nlgW
spotify:track:54KFQB6N4pn926IUUYZGzK,To Build A Home,The Cinematic Orchestra,spotify:artist:32ogthv0BdaSMPml02X9YB,Ma Fleur,spotify:album:5cPHT4yMCfETLRYAoBFcOZ
spotify:track:1aGvLFHJ2shKqO9uycaUcW,Something Good Can Work,Two Door Cinema Club,spotify:artist:536BYVgOnRky0xjsPT96zl,Tourist History,spotify:album:0gyRFAfY08NFv7N8RTFg9M
spotify:track:6ooluO7DiEhI1zmK94nRCM,Take Me Out,Franz Ferdinand,spotify:artist:0XNa1vTidXlvJ2gHSsRi4A,Franz Ferdinand,spotify:album:0mUEGMT2YlzCWGeWOJjBKD
spotify:track:4JQSMg83F8qYwSBt5xOXsQ,Diamonds,Rihanna,spotify:artist:5pKCCKE2ajJHZ9KAiaK11H,Unapologetic,spotify:album:1ciAVKFdlpLi2eGDlXv6Bo
spotify:track:1ncZDJd94BSPn2WnbDh3HS,Ex To See,Sam Hunt,spotify:artist:2kucQ9jQwuD8jWdtR9Ef38,Montevallo,spotify:album:1M0vpI6KG4y0RwRuQ8SQxT
spotify:track:0M1Roj6uW2xZ08I91Dd0gP,Cop Car,Sam Hunt,spotify:artist:2kucQ9jQwuD8jWdtR9Ef38,Montevallo,spotify:album:1M0vpI6KG4y0RwRuQ8SQxT
spotify:track:43KOxR9m0vrfE1rI1EPw1z,Speakers,Sam Hunt,spotify:artist:2kucQ9jQwuD8jWdtR9Ef38,Montevallo,spotify:album:1M0vpI6KG4y0RwRuQ8SQxT
spotify:track:0vFMQi8ZnOM2y8cuReZTZ2,Blown Away,Carrie Underwood,spotify:artist:4xFUf1FHVy696Q1JQZMTRj,Blown Away,spotify:album:7atJn49QvtOLiFxhQd2hp9
spotify:track:2qYsSHsYkihWx043HVJQRV,Dirt Road Anthem,Jason Aldean,spotify:artist:3FfvYsEGaIb52QPXhg4DcH,My Kinda Party,spotify:album:6gYk1JlSSmlUZGs1Lef1BI
spotify:track:4o8STNAL91xc7EvuvqSKk1,Whatever It Is,Zac Brown Band,spotify:artist:6yJCxee7QumYr820xdIsjo,The Foundation,spotify:album:0Im5nUhAuNDSYVjfPh7RyS
spotify:track:4esOae7i4rqTbAu9o5Pxco,Girl On Fire,Alicia Keys,spotify:artist:3DiDSECUqqY1AuBP8qtaIa,Girl On Fire,spotify:album:3zZSz5VOYSu0jE4MkPCOvN
spotify:track:7C7yqFTM0ncyJ04GIKrxdV,Anything Could Happen,Ellie Goulding,spotify:artist:0X2BH1fck6amBIoJhDVmmJ,Halcyon,spotify:album:4754Cgv1sdfwTpdVX83xAC
spotify:track:4U45aEWtQhrm8A5mxPaFZ7,Vienna,Billy Joel,spotify:artist:6zFYqv1mOsgBRQbae3JJ9e,The Stranger (30th Anniversary Legacy Edition),spotify:album:1Mhn9VosyjtWn4dMPFlna6
spotify:track:25yQPHgC35WNnnOUqFhgVR,Lucy In The Sky With Diamonds - Remastered,The Beatles,spotify:artist:3WrFJ7ztbogyGnTHbHJFl2,Sgt. Pepper's Lonely Hearts Club Band,spotify:album:6QaVfG1pHYl1z15ZxkvVDW
spotify:track:2DVUJ7LTIOEQqjfOZXs8iU,Believe,Mumford & Sons,spotify:artist:3gd8FJtBJtkRxdfbTu19U2,Wilder Mind,spotify:album:6RDgz01L7K6gG7hPs3Vszi
spotify:track:41yIvlFgvGwxq8qTqAR7eG,Bloom - Bonus Track,The Paper Kites,spotify:artist:79hrYiudVcFyyxyJW0ipTy,Woodland - EP,spotify:album:5l8axHOB8sCsWqfK5XVtbF
spotify:track:1XQnZTR0ER8y5fGO17uX1R,Holocene,Bon Iver,spotify:artist:4LEiUm1SRbFMgfqnQTwUbQ,Bon Iver,spotify:album:0XOyEsl3kgwwVpYcLV5rRs
spotify:track:6dSMuejN1LbxkXDLC6T1Oi,Beneath Your Beautiful,Labrinth,spotify:artist:2feDdbD5araYcm6JhFHHw7,Our Version Of Events,spotify:album:1ePa4Xo4oDjldGmhwT4SfK
spotify:track:0QTCTu0CXv4X1JEE4gNpGv,Wildfire,John Mayer,spotify:artist:0hEurMDQu99nJRq8pTxO14,Paradise Valley,spotify:album:712VoD72K500yLhhgqCyVe
spotify:track:5LnslfFSyDEkBDIfK2s4m5,Takes My Body Higher (feat. Lincoln Jesser),Shoffy,spotify:artist:4wO0kHiOwf8l9VMJJN9HmG,Takes My Body Higher (feat. Lincoln Jesser),spotify:album:7yX5PsIis5maPJ2n3pUEKI
spotify:track:33VihH9UNQMxiQS4wcPIKL,I Ran,A Flock Of Seagulls,spotify:artist:0uAjBatvB4ubpd4kCfjmNt,Grand Theft Auto Vice City OST (Greatest Hits),spotify:album:3ms1bT7nYmJ4Y2vqKzxyrM
spotify:track:51LIqkda3pTeECZUhMnool,Straightjacket,Quinn XCII,spotify:artist:3ApUX1o6oSz321MMECyIYd,The Story of Us,spotify:album:7j7cqgeWmYH9PbKe3S5oJj
spotify:track:3M31S6f0z8S3nkFh3eS06W,Drink to That All Night,Jerrod Niemann,spotify:artist:0RKP52f5PNDCRZ9Luq2Sr7,High Noon,spotify:album:0uQnXXbHhO6BQ1vFcwMwT8
spotify:track:7EAFj7eJcMF5koWSRJVZcL,The Fighter,Keith Urban,spotify:artist:0u2FHSq3ln94y5Q57xazwf,Ripcord,spotify:album:1r7ABqzNXQnUPAH3ZjrHMn
spotify:track:4W38RXuQNuoTSwVsQA1OGC,Nothin' Like You,Dan + Shay,spotify:artist:7z5WFjZAIYejWy0NI5lv4T,Where It All Began,spotify:album:2Zkvy7eARxR3qjKNWMiwMa
spotify:track:6OZPl7bOm8EOshsVmWH5W8,Immortals,Fall Out Boy,spotify:artist:4UXqAaa6dQYAk18Lv7PEgX,American Beauty/American Psycho,spotify:album:0dAvbhVYW3bGnLldQ8Nvwn
spotify:track:015IsLQFXbEm0f541N2qoX,Red Lights,Tiësto,spotify:artist:2o5jDhtHVPhrJdv3cEQ99Z,A Town Called Paradise,spotify:album:7we1BNenehBwimeIkK0jL0
spotify:track:5t9KYe0Fhd5cW6UYT4qP8f,Good Vibrations,The Beach Boys,spotify:artist:3oDbviiivRWhXwIE8hxkVV,Smiley Smile,spotify:album:37rNuexqEXWeSIOiJtn3A9
spotify:track:6jG2YzhxptolDzLHTGLt7S,Drunk in Love,Beyoncé,spotify:artist:6vWDO969PvNqNYHIOW5v0m,BEYONCÉ [Platinum Edition],spotify:album:2UJwKSBUz6rtW4QLK74kQu
spotify:track:37BTh5g05cxBIRYMbw8g2T,Rosanna,Toto,spotify:artist:0PFtn5NtBbbUNbU9EAmIWF,Toto IV,spotify:album:62U7xIHcID94o20Of5ea4D
spotify:track:2d48mamATjby7wgPjdrSOQ,Craving You,Thomas Rhett,spotify:artist:6x2LnllRG5uGarZMsD4iO8,Life Changes,spotify:album:4w5Jvreahp3yvLqc4vCr9I
spotify:track:7nDoBWDvf02SyD8kEQuuPO,Bottoms Up,Brantley Gilbert,spotify:artist:5q8HGNo0BjLWaTAhRtbwxa,Just As I Am,spotify:album:2TRJMLAU1nVzGA7Zpvkl7L
spotify:track:4CcrLWFQY4dRGMbUR59cSp,Hey Girl,Billy Currington,spotify:artist:1By9QBFnjZAoI83BZppHlt,We Are Tonight,spotify:album:1UrEMAvTDJdsJsZdsBux4h
spotify:track:2sE61ZmvYH8wiOx5jygkHH,Say You Do,Dierks Bentley,spotify:artist:7x8nK0m0cP2ksQf0mjWdPS,RISER,spotify:album:5FoxaIGIRuXsbhZhwdfknU
spotify:track:3YimpODfNhxj3rN81v4WvE,Raise 'Em Up,Keith Urban,spotify:artist:0u2FHSq3ln94y5Q57xazwf,Fuse,spotify:album:6LJH0InZpmgymwZ3hpsUYD
spotify:track:5g15o2Sm55Hn9ShK5yEXgp,Kick The Dust Up,Luke Bryan,spotify:artist:0BvkDsjIUla7X0k6CSWh1I,Kill The Lights,spotify:album:0WtCqmpVN7rRGfDMSWSXBA
spotify:track:5NUvj4WX2tAQGxOF4CWJ7I,Real Life,Jake Owen,spotify:artist:1n2pb9Tsfe4SwAjmUac6YT,Real Life,spotify:album:6QMGlRWaj2nZ43cyeub97z
spotify:track:7H8fBamGUheu0DSpp3pj03,Medicine,Daughter,spotify:artist:46CitWgnWrvF9t70C2p1Me,Wild Youth EP,spotify:album:5VFxl0Fddo5wlShNHeyGCL
spotify:track:5l3CML2OnzfNs5RfVgbcLt,Talk Dirty (feat. 2 Chainz),Jason Derulo,spotify:artist:07YZf4WDAMNwqr4jfgOZ8y,Tattoos,spotify:album:1OdcBxCNY52OXH0r4odXqP
spotify:track:6g8ZfJzKxyd19OLAqQ8MuO,5 O'Clock,T-Pain,spotify:artist:3aQeKQSyrW4qWr35idm0cy,rEVOLVEr,spotify:album:1hfNELHYx5lcxtYJl7FDHC
spotify:track:2YlZnw2ikdb837oKMKjBkW,Like I'm Gonna Lose You,Meghan Trainor,spotify:artist:6JL8zeS1NmiOftqZTRgdTz,Title,spotify:album:5W98Ab4VvQEuFEE4TIe5fE
spotify:track:4VuS959DSpr82t3qBqCrWG,Supermarket Flowers,Ed Sheeran,spotify:artist:6eUKZXaKkcviH0Ku9w2n3V,÷,spotify:album:3T4tUhGYeRNVUGevb0wThu
spotify:track:1RuyGO0kmkNkfixUFKkjuC,Re:Stacks,Bon Iver,spotify:artist:4LEiUm1SRbFMgfqnQTwUbQ,"For Emma, Forever Ago",spotify:album:10HuTnFqkhym6gXmIDxBsm
spotify:track:5Ck3e6z1bcSCes5gdo0Ddt,Bed Peace,Jhene Aiko,spotify:artist:5ZS223C6JyBfXasXxrRqOk,Sail Out,spotify:album:73TNMu44lT0m1h1Nn6Bfiq
spotify:track:6HUnnBwYZqcED1eQztxMBN,Solo Dance,Martin Jensen,spotify:artist:4ehtJnVumNf6xzSCDk8aLB,Solo Dance,spotify:album:3BcNHuKlAm57APDcwh7LJq
spotify:track:1iUoWD9qE93GyoT80O5IKt,Ooh Ahh (My Life Be Like) (feat. Toby Mac),Grits,spotify:artist:6aUgzC0cMh0StjV7LyFEDr,The Art of Translation,spotify:album:5WAGBm7u5rnDz0veMVF0zA
spotify:track:1MksGqIztTT6M9R1ErKVs8,No Favors,Big Sean,spotify:artist:0c173mlxpT3dSFRgMO8XPh,I Decided.,spotify:album:0XAIjjN5qxViVS0Y5fYkar
spotify:track:7ySUcLPVX7KudhnmNcgY2D,S&M,Rihanna,spotify:artist:5pKCCKE2ajJHZ9KAiaK11H,Loud,spotify:album:5QG3tjE5L9F6O2vCAPph38
spotify:track:4k80K0b6KZ2QjAYkXON7q6,Blow Me (One Last Kiss),P!nk,spotify:artist:1KCSPY1glIKqW2TotWuXOR,The Truth About Love,spotify:album:2Q9oTK48eb85waX1fFJsvj
spotify:track:2H6dHxAxGq5oQ9EiinNpXT,Spirits,The Strumbellas,spotify:artist:6ujr1NkqbZpYOhquczUUfl,Hope,spotify:album:6B1KctQ1VnT6JW93c5xLKF
spotify:track:5P3yUXUC9rZPJPNmYGKEAz,Goner,Twenty One Pilots,spotify:artist:3YQKmKGau1PzlVlkL1iodx,Blurryface,spotify:album:3cQO7jp5S9qLBoIVtbkSM1
spotify:track:6BEKt5axiNeWCr9huv0k7I,Truce,Twenty One Pilots,spotify:artist:3YQKmKGau1PzlVlkL1iodx,Vessel,spotify:album:2r2r78NE05YjyHyVbVgqFn
spotify:track:7BMO7O7ImjV8HNTH74Tshv,Cleanin' Out My Closet,Eminem,spotify:artist:7dGJo4pcD2V6oG8kP0tJRR,The Eminem Show,spotify:album:2cWBwpqMsDJC1ZUwz813lo
spotify:track:3CpoeW0cZSDzIRv5z34F87,Sing For The Moment,Eminem,spotify:artist:7dGJo4pcD2V6oG8kP0tJRR,The Eminem Show,spotify:album:2cWBwpqMsDJC1ZUwz813lo
spotify:track:30Gd3snWllczPbz2Gd0JMe,Like Toy Soldiers,Eminem,spotify:artist:7dGJo4pcD2V6oG8kP0tJRR,Encore,spotify:album:4F1k3oxk5iTQKenjkBpDe4
spotify:track:52JyHLUiugFECIYBWM2qdh,No Love,Eminem,spotify:artist:7dGJo4pcD2V6oG8kP0tJRR,Recovery,spotify:album:3PogVmhNucYNfyywZvTd7F
spotify:track:2S9Hmv3pv86ScVA8XnFmOW,Space Bound,Eminem,spotify:artist:7dGJo4pcD2V6oG8kP0tJRR,Recovery,spotify:album:3PogVmhNucYNfyywZvTd7F
spotify:track:5zT5cMnMKoyruPj13TQXGx,I Found,Amber Run,spotify:artist:0MmnmsAuQKRFpo6vJElcaU,5AM (Deluxe),spotify:album:05WTBdwkHAqk5Mg68ugD7L
spotify:track:7jDOx9VTvxq0S9z8RjQ7lv,Should’ve Been Us,Tori Kelly,spotify:artist:1vSN1fsvrzpbttOYGsliDr,Unbreakable Smile,spotify:album:6Q7yIbfFPzplTCBM7d1WRO
spotify:track:64y85LeHY8Z6OlTOM9cpKD,Beam Me Up - Radio Edit,CAZZETTE,spotify:artist:1IELhvOMg5VQlU7syRm6CS,Eject,spotify:album:5cYW3ILGflf28W2vkkCvgs
spotify:track:3grPZ1iQg2tEdh0ZCh3HTt,Stay,Florida Georgia Line,spotify:artist:3b8QkneNDz4JHKKKlLgYZg,Here's To The Good Times,spotify:album:5MH765pytbQasmDxXArTah
spotify:track:1qoHlIpgGxtmYsYdyiySiL,Often - Kygo Remix,The Weeknd,spotify:artist:1Xyo4u8uXC1ZmMpatF05PJ,Often,spotify:album:52NiMLTriTCdXjSByAoCck
spotify:track:2RttW7RAu5nOAfq6YFvApB,Happier,Ed Sheeran,spotify:artist:6eUKZXaKkcviH0Ku9w2n3V,÷,spotify:album:3T4tUhGYeRNVUGevb0wThu
spotify:track:6nLvaCZFR1wEzW3sIKpsnr,"Valerie - Live At BBC Radio 1 Live Lounge, London / 2007",Amy Winehouse,spotify:artist:6Q192DXotxtaysaqNPy5yR,Back To Black,spotify:album:0E4xv5gPjykrwBgBZzI8XG
spotify:track:1A2UmLDZzDmpdzUjEkCc3z,Not a Bad Thing,Justin Timberlake,spotify:artist:31TPClRtHm23RisEBtV3X7,Not a Bad Thing,spotify:album:6HVUZlUVyIX5oWeOncHqmv
spotify:track:1UZ25gykR30Oewh3dBRtVZ,Only,Nicki Minaj,spotify:artist:0hCNtLu0JehylgoiP8L4Gh,The Pinkprint,spotify:album:40XGTQ7FN6Y3dZXJhKBe96
spotify:track:7pYPpFhFyOwCjf4y7vdJqM,Just A Dream - Main,Nelly,spotify:artist:2gBjLmx6zQnFGQJCAQpRgw,5.0 Deluxe,spotify:album:5T3lOA9vvpIHA8dBMFly7V
spotify:track:2fY6tqgrlrg1ky9fgs0t5u,Wanted Dead Or Alive,Bon Jovi,spotify:artist:58lV9VcRSjABbAbfWS6skp,Slippery When Wet,spotify:album:5uU2uM1RGHfzlA12opjqol
spotify:track:3MODES4TNtygekLl146Dxd,Ramble On,Led Zeppelin,spotify:artist:36QJpDe2go2KgaRleHCDTp,Led Zeppelin II,spotify:album:70lQYZtypdCALtFVlQAcvx
spotify:track:28cnXtME493VX9NOw9cIUh,Hurt,Johnny Cash,spotify:artist:6kACVPfCOnqzgfEF5ryl0x,American IV: The Man Comes Around,spotify:album:2BlL4Gv2DLPu8p58Wcmlm9
spotify:track:05CrK6Q5VGtfPDtyQFJ4Kf,Sad Song (feat. Elena Coates),We The Kings,spotify:artist:3ao3jf5d70Tf4fPh2bnXVl,Somewhere Somehow,spotify:album:2hc2nl6opteMmG3LCDVt0e
spotify:track:5bcfWAHLoMfGBdbeyoMaH3,Intoxicated - New Radio Mix,Martin Solveig,spotify:artist:1bj5GrcLom5gZFF5t949Xl,Intoxicated,spotify:album:5PvTsgzdPrTdYtcdIPoIFF
spotify:track:4osgfFTICMkcGbbigdsa53,Novacane,Frank Ocean,spotify:artist:2h93pZq0e7k5yf4dywlkpM,Novacane,spotify:album:3RYdEXhGHojkTILUdtnRVJ
spotify:track:6gOirCUz62z0mFhCJ6P5KC,Jamming,Bob Marley & The Wailers,spotify:artist:2QsynagSdAqZj3U9HgDzjD,Exodus,spotify:album:3q8y9MBuOdOzwJb8QJfwBG
spotify:track:2hxV5yGCr1nIp5bQBxXL13,Maps,Yeah Yeah Yeahs,spotify:artist:3TNt4aUIxgfy9aoaft5Jj2,Fever To Tell,spotify:album:51aULewn2y20Ud0MIQONRg
spotify:track:4gFxywaJejXWxo0NjlWzgg,Close To You,Rihanna,spotify:artist:5pKCCKE2ajJHZ9KAiaK11H,ANTI,spotify:album:3Q149ZH46Z0f3oDR7vlDYV
spotify:track:4J7CKHCF3mdL4diUsmW8lq,Under Control,Calvin Harris,spotify:artist:7CajNmpbOovFoOoasH2HaY,Motion,spotify:album:48zisMeiXniWLzOQghbPqS
spotify:track:4d0JSX5Niid4wPVXk3EVrt,Work - R3hab Remix,Rihanna,spotify:artist:5pKCCKE2ajJHZ9KAiaK11H,Work,spotify:album:5xLUp4nUTuXNK7XKQPE5Gb
spotify:track:67EY6aDoIx8czEPS6a2AaI,The Man Who Can't Be Moved,The Script,spotify:artist:3AQRLZ9PuTAozP28Skbq8V,The Script,spotify:album:5gCo4z8XZ0T16nJmnw9wnG
spotify:track:72MoMtcC0fmMPbyOh8L5nZ,Cherry Pie,Warrant,spotify:artist:7HLvzuM9p11k9lUQfSM4Rq,Cherry Pie,spotify:album:4RKOkS1b88Nm23M1XJxBEy
spotify:track:4Wxoq8aU3AWcXnuNn3FzOQ,Dum Dee Dum,Keys N Krates,spotify:artist:6c1pBXHYjFcGQQNO5MMsdd,Dum Dee Dum,spotify:album:4oC3Ri9NJOr0BAlKF51kjd
spotify:track:4Jk6fZmX3gGYYbHnjq5uyN,In My Room (feat. Ty Dolla $ign & Tyga),Yellow Claw,spotify:artist:47z7ZrgFoBvVpCnElCE3Zh,Blood For Mercy,spotify:album:2F58weuq1zM6WbrvEibtwD
spotify:track:1r0faljjM2b876iNoaDUh5,Sacrifices,Big Sean,spotify:artist:0c173mlxpT3dSFRgMO8XPh,I Decided.,spotify:album:0XAIjjN5qxViVS0Y5fYkar
spotify:track:3QZ7uX97s82HFYSmQUAN1D,Tom Sawyer,Rush,spotify:artist:2Hkut4rAAyrQxRdof7FVJq,Moving Pictures,spotify:album:2xg7iIKoSqaDNpDbJnyCjY
spotify:track:7hVhRCDV100Jq26NGR7adw,Good Times Roll,The Cars,spotify:artist:6DCIj8jNaNpBz8e5oKFPtp,The Cars,spotify:album:4tJPWT4r4FSKwy784Qs1Fq